ID;Hora de início;Hora de conclusão;Email;Nome;Total de pontos;Comentários do teste;Hora da última modificação;Cargo;Pontos – Cargo;Comentários – Cargo;Setor/Área/Curso;Pontos – Setor/Área/Curso;Comentários – Setor/Área/Curso;A sua carga de trabalho acumula-se por ser mal distribuída?      ;Pontos – A sua carga de trabalho acumula-se por ser mal distribuída?      ;Comentários – A sua carga de trabalho acumula-se por ser mal distribuída?      ;"Com que frequência não tem tempo para completar todas as tarefas do
seu trabalho?";"Pontos – Com que frequência não tem tempo para completar todas as tarefas do
seu trabalho?";"Comentários – Com que frequência não tem tempo para completar todas as tarefas do
seu trabalho?";Precisa fazer horas-extra?;Pontos – Precisa fazer horas-extra?;Comentários – Precisa fazer horas-extra?;Precisa trabalhar muito rapidamente?;Pontos – Precisa trabalhar muito rapidamente?;Comentários – Precisa trabalhar muito rapidamente?;O seu trabalho exige a sua atenção constante?;Pontos – O seu trabalho exige a sua atenção constante?;Comentários – O seu trabalho exige a sua atenção constante?;O seu trabalho requer que seja bom a propor novas ideias?;Pontos – O seu trabalho requer que seja bom a propor novas ideias?;Comentários – O seu trabalho requer que seja bom a propor novas ideias?;O seu trabalho exige que tome decisões difíceis?;Comentários – O seu trabalho exige que tome decisões difíceis?;Pontos – O seu trabalho exige que tome decisões difíceis?;O seu trabalho exige emocionalmente de si?;Comentários – O seu trabalho exige emocionalmente de si?;Pontos – O seu trabalho exige emocionalmente de si?;Tem um elevado grau de influência no seu trabalho?;Comentários – Tem um elevado grau de influência no seu trabalho?;Pontos – Tem um elevado grau de influência no seu trabalho?;Participa na escolha das pessoas com quem trabalha?;Comentários – Participa na escolha das pessoas com quem trabalha?;Pontos – Participa na escolha das pessoas com quem trabalha?;Pode influenciar a quantidade de trabalho que lhe compete a si?;Comentários – Pode influenciar a quantidade de trabalho que lhe compete a si?;Pontos – Pode influenciar a quantidade de trabalho que lhe compete a si?;Tem alguma influência sobre o tipo de tarefas que faz?;Comentários – Tem alguma influência sobre o tipo de tarefas que faz?;Pontos – Tem alguma influência sobre o tipo de tarefas que faz?;O seu trabalho exige que tenha iniciativa?;Comentários – O seu trabalho exige que tenha iniciativa?;Pontos – O seu trabalho exige que tenha iniciativa?;O seu trabalho permite-lhe aprender coisas novas?;Comentários – O seu trabalho permite-lhe aprender coisas novas?;Pontos – O seu trabalho permite-lhe aprender coisas novas?;O seu trabalho permite-lhe usar as suas habilidades ou perícias?;Pontos – O seu trabalho permite-lhe usar as suas habilidades ou perícias?;Comentários – O seu trabalho permite-lhe usar as suas habilidades ou perícias?;No seu local de trabalho, é informado com antecedência sobre decisões importantes, mudanças ou planos para o futuro?;Pontos – No seu local de trabalho, é informado com antecedência sobre decisões importantes, mudanças ou planos para o futuro?;Comentários – No seu local de trabalho, é informado com antecedência sobre decisões importantes, mudanças ou planos para o futuro?;Recebe toda a informação de que necessita para fazer bem o seu trabalho?;Pontos – Recebe toda a informação de que necessita para fazer bem o seu trabalho?;Comentários – Recebe toda a informação de que necessita para fazer bem o seu trabalho?;O seu trabalho apresenta objetivos claros?;Pontos – O seu trabalho apresenta objetivos claros?;Comentários – O seu trabalho apresenta objetivos claros?;Sabe exatamente quais as suas responsabilidades?;Pontos – Sabe exatamente quais as suas responsabilidades?;Comentários – Sabe exatamente quais as suas responsabilidades?;Sabe exatamente o que é esperado de si?;Pontos – Sabe exatamente o que é esperado de si?;Comentários – Sabe exatamente o que é esperado de si?;O seu trabalho é reconhecido e apreciado pela gerência?;Pontos – O seu trabalho é reconhecido e apreciado pela gerência?;Comentários – O seu trabalho é reconhecido e apreciado pela gerência?;A gerência do seu local de trabalho respeita-o?;Pontos – A gerência do seu local de trabalho respeita-o?;Comentários – A gerência do seu local de trabalho respeita-o?;É tratado de forma justa no seu local de trabalho?;Pontos – É tratado de forma justa no seu local de trabalho?;Comentários – É tratado de forma justa no seu local de trabalho?;Faz coisas no seu trabalho que uns concordam mas outros não?;Pontos – Faz coisas no seu trabalho que uns concordam mas outros não?;Comentários – Faz coisas no seu trabalho que uns concordam mas outros não?;Por vezes tem que fazer coisas que deveriam ser feitas de outra maneira?;Pontos – Por vezes tem que fazer coisas que deveriam ser feitas de outra maneira?;Comentários – Por vezes tem que fazer coisas que deveriam ser feitas de outra maneira?;Por vezes tem que fazer coisas que considera desnecessárias?;Pontos – Por vezes tem que fazer coisas que considera desnecessárias?;Comentários – Por vezes tem que fazer coisas que considera desnecessárias?;Com que frequência tem ajuda e apoio dos seus colegas de trabalho?;Pontos – Com que frequência tem ajuda e apoio dos seus colegas de trabalho?;Comentários – Com que frequência tem ajuda e apoio dos seus colegas de trabalho?;Com que frequência os seus colegas estão dispostos a ouvi-lo(a) sobre os seus problemas de trabalho?;Pontos – Com que frequência os seus colegas estão dispostos a ouvi-lo(a) sobre os seus problemas de trabalho?;Comentários – Com que frequência os seus colegas estão dispostos a ouvi-lo(a) sobre os seus problemas de trabalho?;Com que frequência os seus colegas falam consigo acerca do seu desempenho laboral?;Pontos – Com que frequência os seus colegas falam consigo acerca do seu desempenho laboral?;Comentários – Com que frequência os seus colegas falam consigo acerca do seu desempenho laboral?;Com que frequência o seu superior imediato fala consigo sobre como está a decorrer o seu trabalho?;Pontos – Com que frequência o seu superior imediato fala consigo sobre como está a decorrer o seu trabalho?;Comentários – Com que frequência o seu superior imediato fala consigo sobre como está a decorrer o seu trabalho?;Com que frequência tem ajuda e apoio do seu superior imediato?;Comentários – Com que frequência tem ajuda e apoio do seu superior imediato?;Pontos – Com que frequência tem ajuda e apoio do seu superior imediato?;Com que frequência é que o seu superior imediato fala consigo em relação ao seu desempenho laboral?;Comentários – Com que frequência é que o seu superior imediato fala consigo em relação ao seu desempenho laboral?;Pontos – Com que frequência é que o seu superior imediato fala consigo em relação ao seu desempenho laboral?;Existe um bom ambiente de trabalho entre si e os seus colegas?;Comentários – Existe um bom ambiente de trabalho entre si e os seus colegas?;Pontos – Existe um bom ambiente de trabalho entre si e os seus colegas?;Existe uma boa cooperação entre os colegas de trabalho?;Comentários – Existe uma boa cooperação entre os colegas de trabalho?;Pontos – Existe uma boa cooperação entre os colegas de trabalho?;No seu local de trabalho sente-se parte de uma comunidade?;Comentários – No seu local de trabalho sente-se parte de uma comunidade?;Pontos – No seu local de trabalho sente-se parte de uma comunidade?;Oferece aos indivíduos e ao grupo boas oportunidades de desenvolvimento?;Comentários – Oferece aos indivíduos e ao grupo boas oportunidades de desenvolvimento?;Pontos – Oferece aos indivíduos e ao grupo boas oportunidades de desenvolvimento?;Dá prioridade à satisfação no trabalho?;Comentários – Dá prioridade à satisfação no trabalho?;Pontos – Dá prioridade à satisfação no trabalho?;É bom no planejamento do trabalho?;Comentários – É bom no planejamento do trabalho?;Pontos – É bom no planejamento do trabalho?;É bom a resolver conflitos?;Comentários – É bom a resolver conflitos?;Pontos – É bom a resolver conflitos?;Os funcionários ocultam informações uns dos outros?;Comentários – Os funcionários ocultam informações uns dos outros?;Pontos – Os funcionários ocultam informações uns dos outros?;Os funcionários ocultam informação à gerência?;Comentários – Os funcionários ocultam informação à gerência?;Pontos – Os funcionários ocultam informação à gerência?;Os funcionários confiam uns nos outros de um modo geral?;Comentários – Os funcionários confiam uns nos outros de um modo geral?;Pontos – Os funcionários confiam uns nos outros de um modo geral?;A gerência confia nos seus funcionários para fazerem o seu trabalho bem?;Comentários – A gerência confia nos seus funcionários para fazerem o seu trabalho bem?;Pontos – A gerência confia nos seus funcionários para fazerem o seu trabalho bem?;Confia na informação que lhe é transmitida pela gerência?;Comentários – Confia na informação que lhe é transmitida pela gerência?;Pontos – Confia na informação que lhe é transmitida pela gerência?;A gerência oculta informação aos seus funcionários?;Comentários – A gerência oculta informação aos seus funcionários?;Pontos – A gerência oculta informação aos seus funcionários?;Os conflitos são resolvidos de uma forma justa?;Comentários – Os conflitos são resolvidos de uma forma justa?;Pontos – Os conflitos são resolvidos de uma forma justa?;As sugestões dos funcionários são tratadas de forma séria pela gerência?;Comentários – As sugestões dos funcionários são tratadas de forma séria pela gerência?;Pontos – As sugestões dos funcionários são tratadas de forma séria pela gerência?;O trabalho é igualmente distribuído pelos funcionários?;Comentários – O trabalho é igualmente distribuído pelos funcionários?;Pontos – O trabalho é igualmente distribuído pelos funcionários?;Sou sempre capaz de resolver problemas, se tentar o suficiente.;Comentários – Sou sempre capaz de resolver problemas, se tentar o suficiente.;Pontos – Sou sempre capaz de resolver problemas, se tentar o suficiente.;Tenho facilidade em seguir os meus planos e atingir os meus objetivos.;Comentários – Tenho facilidade em seguir os meus planos e atingir os meus objetivos.;Pontos – Tenho facilidade em seguir os meus planos e atingir os meus objetivos.;O seu trabalho tem algum significado para si?;Comentários – O seu trabalho tem algum significado para si?;Pontos – O seu trabalho tem algum significado para si?;Sente que o seu trabalho é importante?;Comentários – Sente que o seu trabalho é importante?;Pontos – Sente que o seu trabalho é importante?;Sente-se motivado e envolvido com o seu trabalho?;Comentários – Sente-se motivado e envolvido com o seu trabalho?;Pontos – Sente-se motivado e envolvido com o seu trabalho?;Gosta de falar com os outros sobre o seu local de trabalho?;Comentários – Gosta de falar com os outros sobre o seu local de trabalho?;Pontos – Gosta de falar com os outros sobre o seu local de trabalho?;Sente que os problemas do seu local de trabalho são seus também?;Comentários – Sente que os problemas do seu local de trabalho são seus também?;Pontos – Sente que os problemas do seu local de trabalho são seus também?;As suas perspectivas de trabalho?;Comentários – As suas perspectivas de trabalho?;Pontos – As suas perspectivas de trabalho?;As condições físicas do seu local de trabalho?;Comentários – As condições físicas do seu local de trabalho?;Pontos – As condições físicas do seu local de trabalho?;A forma como as suas capacidades são utilizadas?;Comentários – A forma como as suas capacidades são utilizadas?;Pontos – A forma como as suas capacidades são utilizadas?;O seu trabalho de uma forma global?;Comentários – O seu trabalho de uma forma global?;Pontos – O seu trabalho de uma forma global?;Sente-se preocupado em ficar desempregado?;Comentários – Sente-se preocupado em ficar desempregado?;Pontos – Sente-se preocupado em ficar desempregado?;Em geral, sente que a sua saúde é:;Comentários – Em geral, sente que a sua saúde é:;Pontos – Em geral, sente que a sua saúde é:;Sente que o seu trabalho lhe exige muita energia que acaba por afetar a sua vida privada negativamente?;Comentários – Sente que o seu trabalho lhe exige muita energia que acaba por afetar a sua vida privada negativamente?;Pontos – Sente que o seu trabalho lhe exige muita energia que acaba por afetar a sua vida privada negativamente?;Sente que o seu trabalho lhe exige muito tempo que acaba por afetar a sua vida privada negativamente?;Comentários – Sente que o seu trabalho lhe exige muito tempo que acaba por afetar a sua vida privada negativamente?;Pontos – Sente que o seu trabalho lhe exige muito tempo que acaba por afetar a sua vida privada negativamente?;A sua família e os seus amigos dizem-lhe que trabalha demais?;Comentários – A sua família e os seus amigos dizem-lhe que trabalha demais?;Pontos – A sua família e os seus amigos dizem-lhe que trabalha demais?;Dificuldade a adormecer?;Comentários – Dificuldade a adormecer?;Pontos – Dificuldade a adormecer?;Acordou várias vezes durante a noite e depois não conseguia adormecer novamente?;Comentários – Acordou várias vezes durante a noite e depois não conseguia adormecer novamente?;Pontos – Acordou várias vezes durante a noite e depois não conseguia adormecer novamente?;Fisicamente exausto?;Comentários – Fisicamente exausto?;Pontos – Fisicamente exausto?;Emocionalmente exausto?;Comentários – Emocionalmente exausto?;Pontos – Emocionalmente exausto?;Irritado?;Comentários – Irritado?;Pontos – Irritado?;Ansioso?;Comentários – Ansioso?;Pontos – Ansioso?;Triste?;Comentários – Triste?;Pontos – Triste?;Falta de interesse por coisas cotidianas?;Comentários – Falta de interesse por coisas cotidianas?;Pontos – Falta de interesse por coisas cotidianas?;Tem sido alvo de insultos ou provocações verbais?;Comentários – Tem sido alvo de insultos ou provocações verbais?;Pontos – Tem sido alvo de insultos ou provocações verbais?;Tem sido exposto a assédio sexual indesejado?;Comentários – Tem sido exposto a assédio sexual indesejado?;Pontos – Tem sido exposto a assédio sexual indesejado?;Tem sido exposto a ameaças de violência?;Comentários – Tem sido exposto a ameaças de violência?;Pontos – Tem sido exposto a ameaças de violência?;Tem sido exposto a violência física?;Comentários – Tem sido exposto a violência física?;Pontos – Tem sido exposto a violência física?
R001;20/05/2026 08:16;20/05/2026 08:26;respondente001@exemplo.com;Respondente 001;219;;20/05/2026 08:28;Auxiliar Administrativo;;;Operações;;;Raramente;2;;Nunca/quase nunca;1;;Nunca/quase nunca;1;;Frequentemente;4;;Frequentemente;4;;Raramente;2;;Às vezes;;3;Raramente;;2;Frequentemente;;4;Às vezes;;3;Frequentemente;;4;Às vezes;;3;Raramente;;2;Raramente;;2;Às vezes;3;;Frequentemente;4;;Sempre;5;;Sempre;5;;Frequentemente;4;;Sempre;5;;Raramente;2;;Raramente;2;;Raramente;2;;Raramente;2;;Raramente;2;;Às vezes;3;;Frequentemente;4;;Às vezes;3;;Frequentemente;4;;Raramente;2;;Às vezes;;3;Às vezes;;3;Frequentemente;;4;Às vezes;;3;Frequentemente;;4;Frequentemente;;4;Frequentemente;;4;Frequentemente;;4;Frequentemente;;4;Às vezes;;3;Às vezes;;3;Raramente;;2;Às vezes;;3;Às vezes;;3;Frequentemente;;4;Frequentemente;;4;Frequentemente;;4;Às vezes;;3;Sempre;;5;Frequentemente;;4;Muito;;4;Moderadamente;;3;Moderadamente;;3;Um pouco;;2;Um pouco;;2;Satisfeito;;4;Satisfeito;;4;Insatisfeito;;2;Satisfeito;;4;Um pouco;;2;Razoável;;2;Moderadamente;;3;Um pouco;;2;Moderadamente;;3;Nunca/quase nunca;;1;Nunca/quase nunca;;1;Às vezes;;3;Às vezes;;3;Nunca/quase nunca;;1;Nunca/quase nunca;;1;Raramente;;2;Raramente;;2;Nunca/quase nunca;;1;Raramente;;2;Nunca/quase nunca;;1;Nunca/quase nunca;;1
R002;20/05/2026 08:32;20/05/2026 08:41;respondente002@exemplo.com;Respondente 002;235;;20/05/2026 08:43;Assistente Administrativo;;;Financeiro;;;Nunca/quase nunca;1;;Nunca/quase nunca;1;;Raramente;2;;Às vezes;3;;Às vezes;3;;Frequentemente;4;;Frequentemente;;4;Às vezes;;3;Raramente;;2;Raramente;;2;Nunca/quase nunca;;1;Raramente;;2;Frequentemente;;4;Às vezes;;3;Frequentemente;4;;Às vezes;3;;Frequentemente;4;;Sempre;5;;Frequentemente;4;;Frequentemente;4;;Frequentemente;4;;Frequentemente;4;;Às vezes;3;;Frequentemente;4;;Às vezes;3;;Às vezes;3;;Frequentemente;4;;Frequentemente;4;;Frequentemente;4;;Às vezes;3;;Às vezes;;3;Às vezes;;3;Frequentemente;;4;Às vezes;;3;Às vezes;;3;Às vezes;;3;Frequentemente;;4;Raramente;;2;Às vezes;;3;Às vezes;;3;Raramente;;2;Frequentemente;;4;Frequentemente;;4;Às vezes;;3;Às vezes;;3;Às vezes;;3;Frequentemente;;4;Frequentemente;;4;Frequentemente;;4;Frequentemente;;4;Extremamente;;5;Muito;;4;Muito;;4;Moderadamente;;3;Moderadamente;;3;Satisfeito;;4;Nem satisfeito nem insatisfeito;;3;Nem satisfeito nem insatisfeito;;3;Nem satisfeito nem insatisfeito;;3;Nada/quase nada;;1;Boa;;3;Moderadamente;;3;Moderadamente;;3;Muito;;4;Às vezes;;3;Às vezes;;3;Frequentemente;;4;Frequentemente;;4;Às vezes;;3;Raramente;;2;Raramente;;2;Às vezes;;3;Nunca/quase nunca;;1;Nunca/quase nunca;;1;Nunca/quase nunca;;1;Nunca/quase nunca;;1
R003;20/05/2026 08:46;20/05/2026 08:55;respondente003@exemplo.com;Respondente 003;241;;20/05/2026 08:56;Analista Administrativo;;;Manutenção;;;Às vezes;3;;Às vezes;3;;Raramente;2;;Frequentemente;4;;Frequentemente;4;;Frequentemente;4;;Sempre;;5;Frequentemente;;4;Raramente;;2;Raramente;;2;Raramente;;2;Raramente;;2;Sempre;;5;Sempre;;5;Frequentemente;4;;Sempre;5;;Sempre;5;;Às vezes;3;;Sempre;5;;Frequentemente;4;;Frequentemente;4;;Frequentemente;4;;Frequentemente;4;;Às vezes;3;;Raramente;2;;Raramente;2;;Às vezes;3;;Sempre;5;;Frequentemente;4;;Raramente;2;;Nunca/quase nunca;;1;Às vezes;;3;Às vezes;;3;Frequentemente;;4;Frequentemente;;4;Raramente;;2;Raramente;;2;Raramente;;2;Raramente;;2;Às vezes;;3;Às vezes;;3;Às vezes;;3;Frequentemente;;4;Frequentemente;;4;Raramente;;2;Frequentemente;;4;Sempre;;5;Sempre;;5;Sempre;;5;Às vezes;;3;Moderadamente;;3;Moderadamente;;3;Moderadamente;;3;Extremamente;;5;Extremamente;;5;Nem satisfeito nem insatisfeito;;3;Nem satisfeito nem insatisfeito;;3;Nem satisfeito nem insatisfeito;;3;Insatisfeito;;2;Um pouco;;2;Excelente;;5;Um pouco;;2;Moderadamente;;3;Nada/quase nada;;1;Às vezes;;3;Frequentemente;;4;Às vezes;;3;Nunca/quase nunca;;1;Às vezes;;3;Raramente;;2;Às vezes;;3;Às vezes;;3;Nunca/quase nunca;;1;Nunca/quase nunca;;1;Raramente;;2;Raramente;;2
R004;20/05/2026 08:55;20/05/2026 09:05;respondente004@exemplo.com;Respondente 004;245;;20/05/2026 09:07;Atendente;;;Comercial;;;Às vezes;3;;Raramente;2;;Às vezes;3;;Às vezes;3;;Às vezes;3;;Frequentemente;4;;Às vezes;;3;Sempre;;5;Às vezes;;3;Frequentemente;;4;Frequentemente;;4;Frequentemente;;4;Às vezes;;3;Às vezes;;3;Frequentemente;4;;Às vezes;3;;Raramente;2;;Frequentemente;4;;Frequentemente;4;;Frequentemente;4;;Sempre;5;;Sempre;5;;Sempre;5;;Raramente;2;;Raramente;2;;Frequentemente;4;;Frequentemente;4;;Às vezes;3;;Às vezes;3;;Às vezes;3;;Frequentemente;;4;Às vezes;;3;Frequentemente;;4;Frequentemente;;4;Frequentemente;;4;Às vezes;;3;Frequentemente;;4;Frequentemente;;4;Frequentemente;;4;Às vezes;;3;Raramente;;2;Frequentemente;;4;Às vezes;;3;Às vezes;;3;Frequentemente;;4;Às vezes;;3;Frequentemente;;4;Sempre;;5;Frequentemente;;4;Sempre;;5;Muito;;4;Muito;;4;Muito;;4;Moderadamente;;3;Um pouco;;2;Insatisfeito;;2;Satisfeito;;4;Nem satisfeito nem insatisfeito;;3;Satisfeito;;4;Muito;;4;Excelente;;5;Moderadamente;;3;Nada/quase nada;;1;Um pouco;;2;Às vezes;;3;Raramente;;2;Raramente;;2;Às vezes;;3;Raramente;;2;Raramente;;2;Raramente;;2;Nunca/quase nunca;;1;Raramente;;2;Nunca/quase nunca;;1;Nunca/quase nunca;;1;Nunca/quase nunca;;1
R005;20/05/2026 09:06;20/05/2026 09:15;respondente005@exemplo.com;Respondente 005;227;;20/05/2026 09:17;Operador;;;Recursos Humanos;;;Às vezes;3;;Frequentemente;4;;Às vezes;3;;Frequentemente;4;;Frequentemente;4;;Sempre;5;;Sempre;;5;Às vezes;;3;Nunca/quase nunca;;1;Frequentemente;;4;Raramente;;2;Raramente;;2;Às vezes;;3;Às vezes;;3;Frequentemente;4;;Frequentemente;4;;Às vezes;3;;Frequentemente;4;;Sempre;5;;Sempre;5;;Às vezes;3;;Frequentemente;4;;Frequentemente;4;;Às vezes;3;;Às vezes;3;;Às vezes;3;;Às vezes;3;;Às vezes;3;;Às vezes;3;;Às vezes;3;;Raramente;;2;Às vezes;;3;Raramente;;2;Às vezes;;3;Frequentemente;;4;Raramente;;2;Às vezes;;3;Nunca/quase nunca;;1;Nunca/quase nunca;;1;Frequentemente;;4;Frequentemente;;4;Às vezes;;3;Nunca/quase nunca;;1;Nunca/quase nunca;;1;Frequentemente;;4;Às vezes;;3;Às vezes;;3;Raramente;;2;Frequentemente;;4;Frequentemente;;4;Muito;;4;Muito;;4;Extremamente;;5;Moderadamente;;3;Um pouco;;2;Insatisfeito;;2;Nem satisfeito nem insatisfeito;;3;Nem satisfeito nem insatisfeito;;3;Insatisfeito;;2;Moderadamente;;3;Muito boa;;4;Moderadamente;;3;Um pouco;;2;Um pouco;;2;Raramente;;2;Raramente;;2;Às vezes;;3;Às vezes;;3;Raramente;;2;Às vezes;;3;Raramente;;2;Raramente;;2;Raramente;;2;Raramente;;2;Às vezes;;3;Raramente;;2
R006;20/05/2026 09:23;20/05/2026 09:31;respondente006@exemplo.com;Respondente 006;254;;20/05/2026 09:31;Técnico;;;Saúde;;;Raramente;2;;Raramente;2;;Às vezes;3;;Frequentemente;4;;Raramente;2;;Às vezes;3;;Às vezes;;3;Às vezes;;3;Raramente;;2;Raramente;;2;Nunca/quase nunca;;1;Raramente;;2;Frequentemente;;4;Sempre;;5;Sempre;5;;Às vezes;3;;Raramente;2;;Sempre;5;;Sempre;5;;Sempre;5;;Sempre;5;;Sempre;5;;Frequentemente;4;;Às vezes;3;;Às vezes;3;;Raramente;2;;Frequentemente;4;;Às vezes;3;;Sempre;5;;Às vezes;3;;Raramente;;2;Raramente;;2;Sempre;;5;Sempre;;5;Sempre;;5;Frequentemente;;4;Às vezes;;3;Frequentemente;;4;Frequentemente;;4;Raramente;;2;Raramente;;2;Frequentemente;;4;Frequentemente;;4;Sempre;;5;Raramente;;2;Raramente;;2;Raramente;;2;Às vezes;;3;Frequentemente;;4;Às vezes;;3;Extremamente;;5;Extremamente;;5;Extremamente;;5;Extremamente;;5;Extremamente;;5;Satisfeito;;4;Nem satisfeito nem insatisfeito;;3;Nem satisfeito nem insatisfeito;;3;Satisfeito;;4;Um pouco;;2;Excelente;;5;Moderadamente;;3;Muito;;4;Muito;;4;Às vezes;;3;Frequentemente;;4;Às vezes;;3;Às vezes;;3;Às vezes;;3;Sempre;;5;Raramente;;2;Raramente;;2;Nunca/quase nunca;;1;Raramente;;2;Nunca/quase nunca;;1;Nunca/quase nunca;;1
R007;20/05/2026 09:34;20/05/2026 09:42;respondente007@exemplo.com;Respondente 007;242;;20/05/2026 09:44;Coordenador;;;Administrativo;;;Às vezes;3;;Frequentemente;4;;Às vezes;3;;Frequentemente;4;;Sempre;5;;Sempre;5;;Às vezes;;3;Frequentemente;;4;Frequentemente;;4;Às vezes;;3;Às vezes;;3;Às vezes;;3;Sempre;;5;Frequentemente;;4;Sempre;5;;Frequentemente;4;;Frequentemente;4;;Sempre;5;;Sempre;5;;Frequentemente;4;;Às vezes;3;;Frequentemente;4;;Frequentemente;4;;Às vezes;3;;Sempre;5;;Às vezes;3;;Às vezes;3;;Às vezes;3;;Às vezes;3;;Às vezes;3;;Frequentemente;;4;Às vezes;;3;Às vezes;;3;Às vezes;;3;Às vezes;;3;Às vezes;;3;Às vezes;;3;Às vezes;;3;Às vezes;;3;Raramente;;2;Frequentemente;;4;Raramente;;2;Raramente;;2;Frequentemente;;4;Raramente;;2;Às vezes;;3;Raramente;;2;Raramente;;2;Raramente;;2;Às vezes;;3;Extremamente;;5;Um pouco;;2;Muito;;4;Muito;;4;Moderadamente;;3;Satisfeito;;4;Insatisfeito;;2;Nem satisfeito nem insatisfeito;;3;Insatisfeito;;2;Muito;;4;Boa;;3;Um pouco;;2;Um pouco;;2;Nada/quase nada;;1;Às vezes;;3;Às vezes;;3;Às vezes;;3;Às vezes;;3;Às vezes;;3;Às vezes;;3;Raramente;;2;Frequentemente;;4;Raramente;;2;Raramente;;2;Nunca/quase nunca;;1;Raramente;;2
R008;20/05/2026 09:49;20/05/2026 10:02;respondente008@exemplo.com;Respondente 008;237;;20/05/2026 10:02;Professor;;;Atendimento;;;Às vezes;3;;Raramente;2;;Frequentemente;4;;Frequentemente;4;;Frequentemente;4;;Frequentemente;4;;Frequentemente;;4;Sempre;;5;Raramente;;2;Raramente;;2;Raramente;;2;Raramente;;2;Frequentemente;;4;Às vezes;;3;Sempre;5;;Raramente;2;;Raramente;2;;Frequentemente;4;;Frequentemente;4;;Às vezes;3;;Às vezes;3;;Às vezes;3;;Às vezes;3;;Às vezes;3;;Às vezes;3;;Raramente;2;;Raramente;2;;Raramente;2;;Nunca/quase nunca;1;;Sempre;5;;Frequentemente;;4;Sempre;;5;Sempre;;5;Às vezes;;3;Às vezes;;3;Raramente;;2;Frequentemente;;4;Frequentemente;;4;Frequentemente;;4;Às vezes;;3;Frequentemente;;4;Às vezes;;3;Às vezes;;3;Às vezes;;3;Às vezes;;3;Às vezes;;3;Às vezes;;3;Às vezes;;3;Frequentemente;;4;Frequentemente;;4;Moderadamente;;3;Moderadamente;;3;Moderadamente;;3;Um pouco;;2;Moderadamente;;3;Nem satisfeito nem insatisfeito;;3;Nem satisfeito nem insatisfeito;;3;Nem satisfeito nem insatisfeito;;3;Nem satisfeito nem insatisfeito;;3;Muito;;4;Muito boa;;4;Um pouco;;2;Um pouco;;2;Um pouco;;2;Às vezes;;3;Às vezes;;3;Frequentemente;;4;Frequentemente;;4;Às vezes;;3;Frequentemente;;4;Às vezes;;3;Frequentemente;;4;Raramente;;2;Raramente;;2;Nunca/quase nunca;;1;Raramente;;2
R009;20/05/2026 10:04;20/05/2026 10:17;respondente009@exemplo.com;Respondente 009;255;;20/05/2026 10:18;Recepcionista;;;Ensino;;;Às vezes;3;;Às vezes;3;;Às vezes;3;;Frequentemente;4;;Frequentemente;4;;Às vezes;3;;Às vezes;;3;Frequentemente;;4;Às vezes;;3;Às vezes;;3;Às vezes;;3;Às vezes;;3;Sempre;;5;Sempre;;5;Frequentemente;4;;Às vezes;3;;Raramente;2;;Frequentemente;4;;Frequentemente;4;;Às vezes;3;;Sempre;5;;Sempre;5;;Frequentemente;4;;Frequentemente;4;;Raramente;2;;Às vezes;3;;Frequentemente;4;;Frequentemente;4;;Frequentemente;4;;Às vezes;3;;Raramente;;2;Às vezes;;3;Frequentemente;;4;Frequentemente;;4;Frequentemente;;4;Frequentemente;;4;Frequentemente;;4;Raramente;;2;Frequentemente;;4;Às vezes;;3;Raramente;;2;Às vezes;;3;Às vezes;;3;Às vezes;;3;Frequentemente;;4;Sempre;;5;Frequentemente;;4;Frequentemente;;4;Às vezes;;3;Frequentemente;;4;Muito;;4;Moderadamente;;3;Muito;;4;Moderadamente;;3;Moderadamente;;3;Satisfeito;;4;Satisfeito;;4;Satisfeito;;4;Muito satisfeito;;5;Um pouco;;2;Muito boa;;4;Um pouco;;2;Moderadamente;;3;Moderadamente;;3;Raramente;;2;Às vezes;;3;Às vezes;;3;Às vezes;;3;Às vezes;;3;Raramente;;2;Raramente;;2;Raramente;;2;Raramente;;2;Raramente;;2;Às vezes;;3;Frequentemente;;4
R010;20/05/2026 10:11;20/05/2026 10:26;respondente010@exemplo.com;Respondente 010;240;;20/05/2026 10:27;Supervisor;;;Tecnologia;;;Raramente;2;;Nunca/quase nunca;1;;Nunca/quase nunca;1;;Nunca/quase nunca;1;;Às vezes;3;;Raramente;2;;Às vezes;;3;Frequentemente;;4;Às vezes;;3;Frequentemente;;4;Às vezes;;3;Raramente;;2;Sempre;;5;Frequentemente;;4;Sempre;5;;Raramente;2;;Raramente;2;;Frequentemente;4;;Sempre;5;;Sempre;5;;Frequentemente;4;;Frequentemente;4;;Frequentemente;4;;Às vezes;3;;Às vezes;3;;Às vezes;3;;Às vezes;3;;Frequentemente;4;;Às vezes;3;;Frequentemente;4;;Às vezes;;3;Às vezes;;3;Frequentemente;;4;Frequentemente;;4;Frequentemente;;4;Frequentemente;;4;Frequentemente;;4;Frequentemente;;4;Sempre;;5;Raramente;;2;Raramente;;2;Frequentemente;;4;Frequentemente;;4;Frequentemente;;4;Nunca/quase nunca;;1;Sempre;;5;Frequentemente;;4;Sempre;;5;Sempre;;5;Às vezes;;3;Muito;;4;Extremamente;;5;Extremamente;;5;Moderadamente;;3;Muito;;4;Nem satisfeito nem insatisfeito;;3;Nem satisfeito nem insatisfeito;;3;Insatisfeito;;2;Satisfeito;;4;Moderadamente;;3;Boa;;3;Um pouco;;2;Um pouco;;2;Um pouco;;2;Às vezes;;3;Sempre;;5;Às vezes;;3;Às vezes;;3;Raramente;;2;Raramente;;2;Raramente;;2;Nunca/quase nunca;;1;Nunca/quase nunca;;1;Nunca/quase nunca;;1;Nunca/quase nunca;;1;Nunca/quase nunca;;1
R011;20/05/2026 10:27;20/05/2026 10:39;respondente011@exemplo.com;Respondente 011;241;;20/05/2026 10:41;Auxiliar Administrativo;;;Operações;;;Sempre;5;;Frequentemente;4;;Frequentemente;4;;Raramente;2;;Frequentemente;4;;Frequentemente;4;;Frequentemente;;4;Às vezes;;3;Às vezes;;3;Às vezes;;3;Às vezes;;3;Às vezes;;3;Frequentemente;;4;Às vezes;;3;Frequentemente;4;;Frequentemente;4;;Raramente;2;;Às vezes;3;;Frequentemente;4;;Frequentemente;4;;Às vezes;3;;Frequentemente;4;;Às vezes;3;;Às vezes;3;;Às vezes;3;;Nunca/quase nunca;1;;Às vezes;3;;Frequentemente;4;;Às vezes;3;;Frequentemente;4;;Frequentemente;;4;Às vezes;;3;Sempre;;5;Frequentemente;;4;Às vezes;;3;Às vezes;;3;Às vezes;;3;Às vezes;;3;Frequentemente;;4;Raramente;;2;Frequentemente;;4;Às vezes;;3;Às vezes;;3;Às vezes;;3;Raramente;;2;Às vezes;;3;Às vezes;;3;Às vezes;;3;Sempre;;5;Frequentemente;;4;Moderadamente;;3;Muito;;4;Moderadamente;;3;Extremamente;;5;Extremamente;;5;Nem satisfeito nem insatisfeito;;3;Nem satisfeito nem insatisfeito;;3;Satisfeito;;4;Satisfeito;;4;Moderadamente;;3;Muito boa;;4;Moderadamente;;3;Moderadamente;;3;Muito;;4;Raramente;;2;Raramente;;2;Raramente;;2;Às vezes;;3;Nunca/quase nunca;;1;Raramente;;2;Às vezes;;3;Raramente;;2;Nunca/quase nunca;;1;Nunca/quase nunca;;1;Raramente;;2;Nunca/quase nunca;;1
R012;20/05/2026 10:42;20/05/2026 10:56;respondente012@exemplo.com;Respondente 012;229;;20/05/2026 10:58;Assistente Administrativo;;;Financeiro;;;Às vezes;3;;Frequentemente;4;;Às vezes;3;;Às vezes;3;;Raramente;2;;Frequentemente;4;;Frequentemente;;4;Frequentemente;;4;Raramente;;2;Raramente;;2;Raramente;;2;Raramente;;2;Sempre;;5;Sempre;;5;Sempre;5;;Nunca/quase nunca;1;;Raramente;2;;Frequentemente;4;;Sempre;5;;Sempre;5;;Frequentemente;4;;Às vezes;3;;Às vezes;3;;Às vezes;3;;Às vezes;3;;Às vezes;3;;Às vezes;3;;Às vezes;3;;Às vezes;3;;Sempre;5;;Sempre;;5;Frequentemente;;4;Às vezes;;3;Frequentemente;;4;Frequentemente;;4;Às vezes;;3;Às vezes;;3;Às vezes;;3;Frequentemente;;4;Às vezes;;3;Às vezes;;3;Nunca/quase nunca;;1;Às vezes;;3;Raramente;;2;Às vezes;;3;Raramente;;2;Raramente;;2;Às vezes;;3;Às vezes;;3;Às vezes;;3;Muito;;4;Extremamente;;5;Muito;;4;Muito;;4;Moderadamente;;3;Satisfeito;;4;Muito satisfeito;;5;Satisfeito;;4;Nem satisfeito nem insatisfeito;;3;Moderadamente;;3;Muito boa;;4;Nada/quase nada;;1;Nada/quase nada;;1;Nada/quase nada;;1;Nunca/quase nunca;;1;Nunca/quase nunca;;1;Às vezes;;3;Às vezes;;3;Às vezes;;3;Às vezes;;3;Nunca/quase nunca;;1;Raramente;;2;Nunca/quase nunca;;1;Raramente;;2;Nunca/quase nunca;;1;Nunca/quase nunca;;1
R013;20/05/2026 10:50;20/05/2026 11:02;respondente013@exemplo.com;Respondente 013;246;;20/05/2026 11:04;Analista Administrativo;;;Manutenção;;;Nunca/quase nunca;1;;Frequentemente;4;;Às vezes;3;;Às vezes;3;;Sempre;5;;Às vezes;3;;Frequentemente;;4;Raramente;;2;Às vezes;;3;Raramente;;2;Às vezes;;3;Raramente;;2;Sempre;;5;Frequentemente;;4;Sempre;5;;Frequentemente;4;;Frequentemente;4;;Sempre;5;;Sempre;5;;Frequentemente;4;;Às vezes;3;;Frequentemente;4;;Frequentemente;4;;Raramente;2;;Raramente;2;;Raramente;2;;Frequentemente;4;;Frequentemente;4;;Frequentemente;4;;Raramente;2;;Às vezes;;3;Às vezes;;3;Sempre;;5;Sempre;;5;Frequentemente;;4;Às vezes;;3;Às vezes;;3;Frequentemente;;4;Às vezes;;3;Frequentemente;;4;Frequentemente;;4;Raramente;;2;Sempre;;5;Sempre;;5;Nunca/quase nunca;;1;Às vezes;;3;Às vezes;;3;Frequentemente;;4;Frequentemente;;4;Frequentemente;;4;Muito;;4;Extremamente;;5;Muito;;4;Muito;;4;Muito;;4;Nem satisfeito nem insatisfeito;;3;Satisfeito;;4;Satisfeito;;4;Satisfeito;;4;Muito;;4;Muito boa;;4;Moderadamente;;3;Muito;;4;Moderadamente;;3;Nunca/quase nunca;;1;Nunca/quase nunca;;1;Raramente;;2;Raramente;;2;Raramente;;2;Raramente;;2;Nunca/quase nunca;;1;Raramente;;2;Raramente;;2;Nunca/quase nunca;;1;Nunca/quase nunca;;1;Nunca/quase nunca;;1
R014;20/05/2026 11:04;20/05/2026 11:17;respondente014@exemplo.com;Respondente 014;228;;20/05/2026 11:18;Atendente;;;Comercial;;;Às vezes;3;;Às vezes;3;;Às vezes;3;;Às vezes;3;;Às vezes;3;;Às vezes;3;;Às vezes;;3;Às vezes;;3;Às vezes;;3;Raramente;;2;Às vezes;;3;Às vezes;;3;Às vezes;;3;Às vezes;;3;Às vezes;3;;Sempre;5;;Sempre;5;;Frequentemente;4;;Raramente;2;;Às vezes;3;;Às vezes;3;;Frequentemente;4;;Às vezes;3;;Raramente;2;;Raramente;2;;Às vezes;3;;Às vezes;3;;Raramente;2;;Às vezes;3;;Sempre;5;;Frequentemente;;4;Frequentemente;;4;Sempre;;5;Frequentemente;;4;Sempre;;5;Raramente;;2;Às vezes;;3;Às vezes;;3;Frequentemente;;4;Nunca/quase nunca;;1;Nunca/quase nunca;;1;Frequentemente;;4;Frequentemente;;4;Às vezes;;3;Raramente;;2;Frequentemente;;4;Às vezes;;3;Frequentemente;;4;Às vezes;;3;Frequentemente;;4;Muito;;4;Muito;;4;Moderadamente;;3;Moderadamente;;3;Muito;;4;Satisfeito;;4;Satisfeito;;4;Satisfeito;;4;Nem satisfeito nem insatisfeito;;3;Extremamente;;5;Muito boa;;4;Um pouco;;2;Nada/quase nada;;1;Um pouco;;2;Raramente;;2;Às vezes;;3;Raramente;;2;Raramente;;2;Nunca/quase nunca;;1;Nunca/quase nunca;;1;Raramente;;2;Frequentemente;;4;Nunca/quase nunca;;1;Nunca/quase nunca;;1;Nunca/quase nunca;;1;Nunca/quase nunca;;1
R015;20/05/2026 11:19;20/05/2026 11:29;respondente015@exemplo.com;Respondente 015;243;;20/05/2026 11:31;Operador;;;Recursos Humanos;;;Às vezes;3;;Frequentemente;4;;Raramente;2;;Raramente;2;;Sempre;5;;Frequentemente;4;;Às vezes;;3;Frequentemente;;4;Às vezes;;3;Às vezes;;3;Às vezes;;3;Raramente;;2;Às vezes;;3;Frequentemente;;4;Frequentemente;4;;Frequentemente;4;;Frequentemente;4;;Às vezes;3;;Raramente;2;;Às vezes;3;;Sempre;5;;Frequentemente;4;;Frequentemente;4;;Frequentemente;4;;Frequentemente;4;;Às vezes;3;;Sempre;5;;Frequentemente;4;;Sempre;5;;Frequentemente;4;;Às vezes;;3;Sempre;;5;Às vezes;;3;Frequentemente;;4;Raramente;;2;Frequentemente;;4;Frequentemente;;4;Frequentemente;;4;Frequentemente;;4;Às vezes;;3;Às vezes;;3;Raramente;;2;Frequentemente;;4;Às vezes;;3;Raramente;;2;Frequentemente;;4;Frequentemente;;4;Frequentemente;;4;Às vezes;;3;Às vezes;;3;Extremamente;;5;Muito;;4;Extremamente;;5;Moderadamente;;3;Um pouco;;2;Satisfeito;;4;Insatisfeito;;2;Nem satisfeito nem insatisfeito;;3;Muito satisfeito;;5;Muito;;4;Boa;;3;Um pouco;;2;Moderadamente;;3;Muito;;4;Nunca/quase nunca;;1;Nunca/quase nunca;;1;Às vezes;;3;Às vezes;;3;Raramente;;2;Raramente;;2;Nunca/quase nunca;;1;Raramente;;2;Nunca/quase nunca;;1;Nunca/quase nunca;;1;Nunca/quase nunca;;1;Nunca/quase nunca;;1
R016;20/05/2026 11:36;20/05/2026 11:51;respondente016@exemplo.com;Respondente 016;235;;20/05/2026 11:51;Técnico;;;Saúde;;;Raramente;2;;Nunca/quase nunca;1;;Às vezes;3;;Raramente;2;;Às vezes;3;;Às vezes;3;;Às vezes;;3;Frequentemente;;4;Raramente;;2;Às vezes;;3;Raramente;;2;Raramente;;2;Às vezes;;3;Às vezes;;3;Frequentemente;4;;Às vezes;3;;Frequentemente;4;;Frequentemente;4;;Frequentemente;4;;Frequentemente;4;;Às vezes;3;;Raramente;2;;Raramente;2;;Às vezes;3;;Raramente;2;;Raramente;2;;Frequentemente;4;;Às vezes;3;;Às vezes;3;;Às vezes;3;;Às vezes;;3;Às vezes;;3;Às vezes;;3;Às vezes;;3;Raramente;;2;Sempre;;5;Sempre;;5;Frequentemente;;4;Sempre;;5;Às vezes;;3;Às vezes;;3;Às vezes;;3;Frequentemente;;4;Frequentemente;;4;Raramente;;2;Raramente;;2;Às vezes;;3;Frequentemente;;4;Frequentemente;;4;Às vezes;;3;Extremamente;;5;Muito;;4;Extremamente;;5;Extremamente;;5;Extremamente;;5;Nem satisfeito nem insatisfeito;;3;Muito satisfeito;;5;Satisfeito;;4;Satisfeito;;4;Moderadamente;;3;Muito boa;;4;Um pouco;;2;Um pouco;;2;Um pouco;;2;Às vezes;;3;Às vezes;;3;Raramente;;2;Raramente;;2;Frequentemente;;4;Raramente;;2;Às vezes;;3;Raramente;;2;Nunca/quase nunca;;1;Raramente;;2;Raramente;;2;Raramente;;2
R017;20/05/2026 11:42;20/05/2026 11:53;respondente017@exemplo.com;Respondente 017;248;;20/05/2026 11:54;Coordenador;;;Administrativo;;;Às vezes;3;;Raramente;2;;Às vezes;3;;Às vezes;3;;Às vezes;3;;Frequentemente;4;;Às vezes;;3;Frequentemente;;4;Às vezes;;3;Às vezes;;3;Às vezes;;3;Frequentemente;;4;Frequentemente;;4;Frequentemente;;4;Frequentemente;4;;Às vezes;3;;Frequentemente;4;;Sempre;5;;Frequentemente;4;;Sempre;5;;Às vezes;3;;Raramente;2;;Às vezes;3;;Às vezes;3;;Às vezes;3;;Às vezes;3;;Frequentemente;4;;Frequentemente;4;;Raramente;2;;Frequentemente;4;;Frequentemente;;4;Frequentemente;;4;Frequentemente;;4;Frequentemente;;4;Frequentemente;;4;Frequentemente;;4;Frequentemente;;4;Frequentemente;;4;Frequentemente;;4;Às vezes;;3;Às vezes;;3;Frequentemente;;4;Às vezes;;3;Frequentemente;;4;Frequentemente;;4;Frequentemente;;4;Às vezes;;3;Frequentemente;;4;Às vezes;;3;Frequentemente;;4;Muito;;4;Muito;;4;Muito;;4;Moderadamente;;3;Muito;;4;Satisfeito;;4;Nem satisfeito nem insatisfeito;;3;Nem satisfeito nem insatisfeito;;3;Nem satisfeito nem insatisfeito;;3;Moderadamente;;3;Deficitária;;1;Nada/quase nada;;1;Nada/quase nada;;1;Nada/quase nada;;1;Às vezes;;3;Frequentemente;;4;Às vezes;;3;Às vezes;;3;Às vezes;;3;Frequentemente;;4;Às vezes;;3;Às vezes;;3;Raramente;;2;Raramente;;2;Nunca/quase nunca;;1;Nunca/quase nunca;;1
R018;20/05/2026 11:59;20/05/2026 12:13;respondente018@exemplo.com;Respondente 018;250;;20/05/2026 12:14;Professor;;;Atendimento;;;Às vezes;3;;Raramente;2;;Frequentemente;4;;Sempre;5;;Às vezes;3;;Frequentemente;4;;Frequentemente;;4;Às vezes;;3;Raramente;;2;Às vezes;;3;Raramente;;2;Às vezes;;3;Sempre;;5;Raramente;;2;Frequentemente;4;;Às vezes;3;;Às vezes;3;;Frequentemente;4;;Frequentemente;4;;Sempre;5;;Frequentemente;4;;Frequentemente;4;;Frequentemente;4;;Às vezes;3;;Às vezes;3;;Às vezes;3;;Às vezes;3;;Frequentemente;4;;Frequentemente;4;;Frequentemente;4;;Frequentemente;;4;Às vezes;;3;Frequentemente;;4;Às vezes;;3;Frequentemente;;4;Frequentemente;;4;Às vezes;;3;Frequentemente;;4;Frequentemente;;4;Frequentemente;;4;Às vezes;;3;Às vezes;;3;Às vezes;;3;Frequentemente;;4;Às vezes;;3;Frequentemente;;4;Frequentemente;;4;Sempre;;5;Às vezes;;3;Frequentemente;;4;Extremamente;;5;Extremamente;;5;Muito;;4;Um pouco;;2;Nada/quase nada;;1;Satisfeito;;4;Nem satisfeito nem insatisfeito;;3;Satisfeito;;4;Satisfeito;;4;Muito;;4;Muito boa;;4;Um pouco;;2;Um pouco;;2;Moderadamente;;3;Às vezes;;3;Às vezes;;3;Frequentemente;;4;Raramente;;2;Raramente;;2;Frequentemente;;4;Raramente;;2;Raramente;;2;Nunca/quase nunca;;1;Nunca/quase nunca;;1;Nunca/quase nunca;;1;Nunca/quase nunca;;1
R019;20/05/2026 12:08;20/05/2026 12:22;respondente019@exemplo.com;Respondente 019;245;;20/05/2026 12:23;Recepcionista;;;Ensino;;;Às vezes;3;;Raramente;2;;Raramente;2;;Raramente;2;;Às vezes;3;;Sempre;5;;Frequentemente;;4;Sempre;;5;Raramente;;2;Às vezes;;3;Nunca/quase nunca;;1;Raramente;;2;Frequentemente;;4;Frequentemente;;4;Frequentemente;4;;Frequentemente;4;;Às vezes;3;;Frequentemente;4;;Frequentemente;4;;Frequentemente;4;;Às vezes;3;;Às vezes;3;;Às vezes;3;;Raramente;2;;Raramente;2;;Raramente;2;;Sempre;5;;Sempre;5;;Frequentemente;4;;Às vezes;3;;Às vezes;;3;Frequentemente;;4;Frequentemente;;4;Sempre;;5;Sempre;;5;Sempre;;5;Frequentemente;;4;Sempre;;5;Às vezes;;3;Raramente;;2;Raramente;;2;Sempre;;5;Frequentemente;;4;Frequentemente;;4;Nunca/quase nunca;;1;Às vezes;;3;Às vezes;;3;Às vezes;;3;Frequentemente;;4;Frequentemente;;4;Moderadamente;;3;Moderadamente;;3;Moderadamente;;3;Muito;;4;Muito;;4;Nem satisfeito nem insatisfeito;;3;Satisfeito;;4;Satisfeito;;4;Nem satisfeito nem insatisfeito;;3;Extremamente;;5;Muito boa;;4;Moderadamente;;3;Moderadamente;;3;Moderadamente;;3;Às vezes;;3;Raramente;;2;Raramente;;2;Frequentemente;;4;Nunca/quase nunca;;1;Às vezes;;3;Às vezes;;3;Raramente;;2;Raramente;;2;Raramente;;2;Nunca/quase nunca;;1;Nunca/quase nunca;;1
R020;20/05/2026 12:24;20/05/2026 12:32;respondente020@exemplo.com;Respondente 020;247;;20/05/2026 12:34;Supervisor;;;Tecnologia;;;Raramente;2;;Raramente;2;;Raramente;2;;Às vezes;3;;Sempre;5;;Sempre;5;;Frequentemente;;4;Nunca/quase nunca;;1;Frequentemente;;4;Frequentemente;;4;Raramente;;2;Frequentemente;;4;Às vezes;;3;Frequentemente;;4;Às vezes;3;;Às vezes;3;;Frequentemente;4;;Frequentemente;4;;Frequentemente;4;;Frequentemente;4;;Frequentemente;4;;Às vezes;3;;Às vezes;3;;Frequentemente;4;;Às vezes;3;;Às vezes;3;;Frequentemente;4;;Frequentemente;4;;Frequentemente;4;;Frequentemente;4;;Frequentemente;;4;Frequentemente;;4;Sempre;;5;Frequentemente;;4;Frequentemente;;4;Às vezes;;3;Raramente;;2;Frequentemente;;4;Frequentemente;;4;Às vezes;;3;Às vezes;;3;Raramente;;2;Frequentemente;;4;Sempre;;5;Raramente;;2;Às vezes;;3;Frequentemente;;4;Frequentemente;;4;Frequentemente;;4;Sempre;;5;Muito;;4;Extremamente;;5;Extremamente;;5;Extremamente;;5;Extremamente;;5;Nem satisfeito nem insatisfeito;;3;Satisfeito;;4;Satisfeito;;4;Nem satisfeito nem insatisfeito;;3;Moderadamente;;3;Razoável;;2;Um pouco;;2;Nada/quase nada;;1;Um pouco;;2;Raramente;;2;Às vezes;;3;Raramente;;2;Às vezes;;3;Raramente;;2;Raramente;;2;Raramente;;2;Raramente;;2;Raramente;;2;Nunca/quase nunca;;1;Nunca/quase nunca;;1;Nunca/quase nunca;;1
R021;20/05/2026 12:39;20/05/2026 12:54;respondente021@exemplo.com;Respondente 021;252;;20/05/2026 12:55;Auxiliar Administrativo;;;Operações;;;Às vezes;3;;Às vezes;3;;Frequentemente;4;;Às vezes;3;;Frequentemente;4;;Frequentemente;4;;Sempre;;5;Às vezes;;3;Às vezes;;3;Raramente;;2;Às vezes;;3;Às vezes;;3;Raramente;;2;Às vezes;;3;Sempre;5;;Frequentemente;4;;Frequentemente;4;;Frequentemente;4;;Sempre;5;;Frequentemente;4;;Às vezes;3;;Frequentemente;4;;Frequentemente;4;;Às vezes;3;;Às vezes;3;;Às vezes;3;;Às vezes;3;;Frequentemente;4;;Às vezes;3;;Frequentemente;4;;Frequentemente;;4;Às vezes;;3;Às vezes;;3;Frequentemente;;4;Às vezes;;3;Às vezes;;3;Frequentemente;;4;Frequentemente;;4;Frequentemente;;4;Frequentemente;;4;Às vezes;;3;Às vezes;;3;Sempre;;5;Frequentemente;;4;Nunca/quase nunca;;1;Frequentemente;;4;Às vezes;;3;Às vezes;;3;Sempre;;5;Frequentemente;;4;Muito;;4;Muito;;4;Muito;;4;Moderadamente;;3;Moderadamente;;3;Satisfeito;;4;Satisfeito;;4;Satisfeito;;4;Satisfeito;;4;Moderadamente;;3;Boa;;3;Um pouco;;2;Um pouco;;2;Um pouco;;2;Frequentemente;;4;Frequentemente;;4;Frequentemente;;4;Frequentemente;;4;Raramente;;2;Nunca/quase nunca;;1;Às vezes;;3;Raramente;;2;Raramente;;2;Nunca/quase nunca;;1;Raramente;;2;Nunca/quase nunca;;1
R022;20/05/2026 12:52;20/05/2026 13:04;respondente022@exemplo.com;Respondente 022;224;;20/05/2026 13:05;Assistente Administrativo;;;Financeiro;;;Raramente;2;;Às vezes;3;;Raramente;2;;Às vezes;3;;Sempre;5;;Frequentemente;4;;Sempre;;5;Às vezes;;3;Às vezes;;3;Raramente;;2;Às vezes;;3;Às vezes;;3;Sempre;;5;Frequentemente;;4;Sempre;5;;Às vezes;3;;Raramente;2;;Frequentemente;4;;Às vezes;3;;Frequentemente;4;;Às vezes;3;;Raramente;2;;Às vezes;3;;Frequentemente;4;;Às vezes;3;;Frequentemente;4;;Às vezes;3;;Raramente;2;;Raramente;2;;Raramente;2;;Raramente;;2;Raramente;;2;Às vezes;;3;Frequentemente;;4;Sempre;;5;Frequentemente;;4;Frequentemente;;4;Às vezes;;3;Sempre;;5;Às vezes;;3;Frequentemente;;4;Nunca/quase nunca;;1;Frequentemente;;4;Frequentemente;;4;Às vezes;;3;Às vezes;;3;Às vezes;;3;Às vezes;;3;Frequentemente;;4;Frequentemente;;4;Moderadamente;;3;Moderadamente;;3;Um pouco;;2;Nada/quase nada;;1;Um pouco;;2;Muito insatisfeito;;1;Nem satisfeito nem insatisfeito;;3;Insatisfeito;;2;Insatisfeito;;2;Moderadamente;;3;Boa;;3;Muito;;4;Moderadamente;;3;Moderadamente;;3;Raramente;;2;Às vezes;;3;Raramente;;2;Raramente;;2;Frequentemente;;4;Frequentemente;;4;Nunca/quase nunca;;1;Às vezes;;3;Nunca/quase nunca;;1;Nunca/quase nunca;;1;Nunca/quase nunca;;1;Nunca/quase nunca;;1
R023;20/05/2026 13:06;20/05/2026 13:17;respondente023@exemplo.com;Respondente 023;230;;20/05/2026 13:19;Analista Administrativo;;;Manutenção;;;Às vezes;3;;Às vezes;3;;Raramente;2;;Às vezes;3;;Às vezes;3;;Frequentemente;4;;Frequentemente;;4;Às vezes;;3;Raramente;;2;Raramente;;2;Raramente;;2;Raramente;;2;Frequentemente;;4;Frequentemente;;4;Frequentemente;4;;Às vezes;3;;Frequentemente;4;;Às vezes;3;;Às vezes;3;;Frequentemente;4;;Às vezes;3;;Raramente;2;;Às vezes;3;;Frequentemente;4;;Às vezes;3;;Frequentemente;4;;Às vezes;3;;Às vezes;3;;Às vezes;3;;Às vezes;3;;Às vezes;;3;Às vezes;;3;Frequentemente;;4;Frequentemente;;4;Sempre;;5;Sempre;;5;Frequentemente;;4;Às vezes;;3;Às vezes;;3;Nunca/quase nunca;;1;Raramente;;2;Às vezes;;3;Raramente;;2;Frequentemente;;4;Raramente;;2;Às vezes;;3;Às vezes;;3;Às vezes;;3;Frequentemente;;4;Frequentemente;;4;Muito;;4;Extremamente;;5;Muito;;4;Extremamente;;5;Muito;;4;Nem satisfeito nem insatisfeito;;3;Insatisfeito;;2;Nem satisfeito nem insatisfeito;;3;Nem satisfeito nem insatisfeito;;3;Muito;;4;Boa;;3;Um pouco;;2;Um pouco;;2;Muito;;4;Raramente;;2;Nunca/quase nunca;;1;Raramente;;2;Raramente;;2;Raramente;;2;Nunca/quase nunca;;1;Às vezes;;3;Raramente;;2;Às vezes;;3;Raramente;;2;Raramente;;2;Raramente;;2
R024;20/05/2026 13:15;20/05/2026 13:27;respondente024@exemplo.com;Respondente 024;244;;20/05/2026 13:27;Atendente;;;Comercial;;;Frequentemente;4;;Raramente;2;;Às vezes;3;;Às vezes;3;;Às vezes;3;;Frequentemente;4;;Frequentemente;;4;Às vezes;;3;Raramente;;2;Frequentemente;;4;Raramente;;2;Frequentemente;;4;Frequentemente;;4;Frequentemente;;4;Frequentemente;4;;Raramente;2;;Raramente;2;;Sempre;5;;Frequentemente;4;;Sempre;5;;Frequentemente;4;;Às vezes;3;;Às vezes;3;;Às vezes;3;;Às vezes;3;;Às vezes;3;;Frequentemente;4;;Às vezes;3;;Frequentemente;4;;Frequentemente;4;;Frequentemente;;4;Às vezes;;3;Sempre;;5;Às vezes;;3;Sempre;;5;Frequentemente;;4;Às vezes;;3;Frequentemente;;4;Às vezes;;3;Às vezes;;3;Às vezes;;3;Raramente;;2;Sempre;;5;Às vezes;;3;Às vezes;;3;Frequentemente;;4;Às vezes;;3;Frequentemente;;4;Frequentemente;;4;Frequentemente;;4;Moderadamente;;3;Muito;;4;Extremamente;;5;Muito;;4;Extremamente;;5;Satisfeito;;4;Nem satisfeito nem insatisfeito;;3;Satisfeito;;4;Nem satisfeito nem insatisfeito;;3;Moderadamente;;3;Boa;;3;Nada/quase nada;;1;Nada/quase nada;;1;Nada/quase nada;;1;Raramente;;2;Às vezes;;3;Às vezes;;3;Raramente;;2;Às vezes;;3;Raramente;;2;Raramente;;2;Raramente;;2;Nunca/quase nunca;;1;Às vezes;;3;Nunca/quase nunca;;1;Raramente;;2
R025;20/05/2026 13:26;20/05/2026 13:36;respondente025@exemplo.com;Respondente 025;239;;20/05/2026 13:38;Operador;;;Recursos Humanos;;;Raramente;2;;Às vezes;3;;Às vezes;3;;Às vezes;3;;Sempre;5;;Frequentemente;4;;Sempre;;5;Às vezes;;3;Às vezes;;3;Frequentemente;;4;Às vezes;;3;Às vezes;;3;Sempre;;5;Sempre;;5;Sempre;5;;Raramente;2;;Às vezes;3;;Frequentemente;4;;Às vezes;3;;Às vezes;3;;Sempre;5;;Às vezes;3;;Frequentemente;4;;Frequentemente;4;;Frequentemente;4;;Frequentemente;4;;Frequentemente;4;;Às vezes;3;;Raramente;2;;Frequentemente;4;;Às vezes;;3;Às vezes;;3;Às vezes;;3;Às vezes;;3;Às vezes;;3;Às vezes;;3;Raramente;;2;Às vezes;;3;Às vezes;;3;Às vezes;;3;Às vezes;;3;Às vezes;;3;Frequentemente;;4;Frequentemente;;4;Às vezes;;3;Sempre;;5;Sempre;;5;Frequentemente;;4;Frequentemente;;4;Frequentemente;;4;Muito;;4;Muito;;4;Extremamente;;5;Um pouco;;2;Um pouco;;2;Nem satisfeito nem insatisfeito;;3;Insatisfeito;;2;Insatisfeito;;2;Nem satisfeito nem insatisfeito;;3;Um pouco;;2;Razoável;;2;Um pouco;;2;Um pouco;;2;Um pouco;;2;Frequentemente;;4;Sempre;;5;Raramente;;2;Às vezes;;3;Raramente;;2;Nunca/quase nunca;;1;Às vezes;;3;Raramente;;2;Nunca/quase nunca;;1;Nunca/quase nunca;;1;Nunca/quase nunca;;1;Nunca/quase nunca;;1
R026;20/05/2026 13:43;20/05/2026 13:53;respondente026@exemplo.com;Respondente 026;260;;20/05/2026 13:55;Técnico;;;Saúde;;;Frequentemente;4;;Frequentemente;4;;Frequentemente;4;;Às vezes;3;;Às vezes;3;;Frequentemente;4;;Frequentemente;;4;Frequentemente;;4;Frequentemente;;4;Frequentemente;;4;Frequentemente;;4;Frequentemente;;4;Frequentemente;;4;Raramente;;2;Às vezes;3;;Sempre;5;;Às vezes;3;;Sempre;5;;Sempre;5;;Sempre;5;;Frequentemente;4;;Sempre;5;;Frequentemente;4;;Às vezes;3;;Às vezes;3;;Às vezes;3;;Frequentemente;4;;Frequentemente;4;;Frequentemente;4;;Às vezes;3;;Frequentemente;;4;Frequentemente;;4;Sempre;;5;Frequentemente;;4;Frequentemente;;4;Frequentemente;;4;Raramente;;2;Às vezes;;3;Às vezes;;3;Às vezes;;3;Raramente;;2;Frequentemente;;4;Frequentemente;;4;Frequentemente;;4;Raramente;;2;Frequentemente;;4;Frequentemente;;4;Frequentemente;;4;Frequentemente;;4;Frequentemente;;4;Moderadamente;;3;Muito;;4;Moderadamente;;3;Muito;;4;Extremamente;;5;Insatisfeito;;2;Nem satisfeito nem insatisfeito;;3;Nem satisfeito nem insatisfeito;;3;Nem satisfeito nem insatisfeito;;3;Extremamente;;5;Excelente;;5;Moderadamente;;3;Muito;;4;Moderadamente;;3;Nunca/quase nunca;;1;Nunca/quase nunca;;1;Às vezes;;3;Às vezes;;3;Raramente;;2;Às vezes;;3;Às vezes;;3;Raramente;;2;Nunca/quase nunca;;1;Raramente;;2;Nunca/quase nunca;;1;Nunca/quase nunca;;1
R027;20/05/2026 13:51;20/05/2026 14:01;respondente027@exemplo.com;Respondente 027;234;;20/05/2026 14:03;Coordenador;;;Administrativo;;;Raramente;2;;Raramente;2;;Raramente;2;;Frequentemente;4;;Sempre;5;;Às vezes;3;;Raramente;;2;Sempre;;5;Frequentemente;;4;Às vezes;;3;Às vezes;;3;Frequentemente;;4;Às vezes;;3;Raramente;;2;Às vezes;3;;Às vezes;3;;Raramente;2;;Sempre;5;;Frequentemente;4;;Frequentemente;4;;Às vezes;3;;Frequentemente;4;;Às vezes;3;;Raramente;2;;Às vezes;3;;Às vezes;3;;Frequentemente;4;;Às vezes;3;;Às vezes;3;;Às vezes;3;;Às vezes;;3;Às vezes;;3;Raramente;;2;Às vezes;;3;Raramente;;2;Raramente;;2;Às vezes;;3;Às vezes;;3;Às vezes;;3;Às vezes;;3;Às vezes;;3;Às vezes;;3;Frequentemente;;4;Às vezes;;3;Às vezes;;3;Às vezes;;3;Frequentemente;;4;Às vezes;;3;Frequentemente;;4;Frequentemente;;4;Muito;;4;Muito;;4;Muito;;4;Um pouco;;2;Moderadamente;;3;Satisfeito;;4;Satisfeito;;4;Muito satisfeito;;5;Satisfeito;;4;Um pouco;;2;Boa;;3;Muito;;4;Muito;;4;Muito;;4;Nunca/quase nunca;;1;Raramente;;2;Raramente;;2;Raramente;;2;Sempre;;5;Às vezes;;3;Raramente;;2;Às vezes;;3;Nunca/quase nunca;;1;Nunca/quase nunca;;1;Raramente;;2;Raramente;;2
R028;20/05/2026 14:08;20/05/2026 14:22;respondente028@exemplo.com;Respondente 028;257;;20/05/2026 14:24;Professor;;;Atendimento;;;Raramente;2;;Raramente;2;;Raramente;2;;Raramente;2;;Às vezes;3;;Às vezes;3;;Raramente;;2;Nunca/quase nunca;;1;Às vezes;;3;Frequentemente;;4;Às vezes;;3;Às vezes;;3;Frequentemente;;4;Frequentemente;;4;Frequentemente;4;;Sempre;5;;Frequentemente;4;;Sempre;5;;Frequentemente;4;;Sempre;5;;Frequentemente;4;;Frequentemente;4;;Às vezes;3;;Raramente;2;;Às vezes;3;;Às vezes;3;;Às vezes;3;;Às vezes;3;;Raramente;2;;Frequentemente;4;;Sempre;;5;Sempre;;5;Sempre;;5;Sempre;;5;Sempre;;5;Sempre;;5;Frequentemente;;4;Frequentemente;;4;Frequentemente;;4;Às vezes;;3;Às vezes;;3;Frequentemente;;4;Às vezes;;3;Sempre;;5;Raramente;;2;Sempre;;5;Frequentemente;;4;Sempre;;5;Frequentemente;;4;Frequentemente;;4;Muito;;4;Muito;;4;Extremamente;;5;Extremamente;;5;Extremamente;;5;Satisfeito;;4;Satisfeito;;4;Muito satisfeito;;5;Satisfeito;;4;Um pouco;;2;Excelente;;5;Um pouco;;2;Um pouco;;2;Um pouco;;2;Raramente;;2;Nunca/quase nunca;;1;Às vezes;;3;Raramente;;2;Frequentemente;;4;Às vezes;;3;Às vezes;;3;Raramente;;2;Nunca/quase nunca;;1;Nunca/quase nunca;;1;Nunca/quase nunca;;1;Nunca/quase nunca;;1
R029;20/05/2026 14:21;20/05/2026 14:36;respondente029@exemplo.com;Respondente 029;231;;20/05/2026 14:38;Recepcionista;;;Ensino;;;Às vezes;3;;Às vezes;3;;Às vezes;3;;Às vezes;3;;Às vezes;3;;Às vezes;3;;Frequentemente;;4;Raramente;;2;Às vezes;;3;Às vezes;;3;Às vezes;;3;Às vezes;;3;Frequentemente;;4;Sempre;;5;Frequentemente;4;;Frequentemente;4;;Às vezes;3;;Frequentemente;4;;Frequentemente;4;;Frequentemente;4;;Às vezes;3;;Às vezes;3;;Às vezes;3;;Às vezes;3;;Raramente;2;;Frequentemente;4;;Frequentemente;4;;Às vezes;3;;Frequentemente;4;;Às vezes;3;;Raramente;;2;Às vezes;;3;Frequentemente;;4;Sempre;;5;Sempre;;5;Frequentemente;;4;Às vezes;;3;Às vezes;;3;Frequentemente;;4;Frequentemente;;4;Às vezes;;3;Raramente;;2;Frequentemente;;4;Frequentemente;;4;Raramente;;2;Frequentemente;;4;Frequentemente;;4;Às vezes;;3;Frequentemente;;4;Sempre;;5;Moderadamente;;3;Muito;;4;Um pouco;;2;Moderadamente;;3;Extremamente;;5;Insatisfeito;;2;Nem satisfeito nem insatisfeito;;3;Nem satisfeito nem insatisfeito;;3;Insatisfeito;;2;Nada/quase nada;;1;Boa;;3;Um pouco;;2;Um pouco;;2;Moderadamente;;3;Raramente;;2;Raramente;;2;Raramente;;2;Raramente;;2;Frequentemente;;4;Às vezes;;3;Nunca/quase nunca;;1;Nunca/quase nunca;;1;Nunca/quase nunca;;1;Nunca/quase nunca;;1;Nunca/quase nunca;;1;Nunca/quase nunca;;1
R030;20/05/2026 14:34;20/05/2026 14:45;respondente030@exemplo.com;Respondente 030;244;;20/05/2026 14:45;Supervisor;;;Tecnologia;;;Às vezes;3;;Às vezes;3;;Às vezes;3;;Às vezes;3;;Frequentemente;4;;Frequentemente;4;;Frequentemente;;4;Às vezes;;3;Nunca/quase nunca;;1;Às vezes;;3;Raramente;;2;Raramente;;2;Frequentemente;;4;Frequentemente;;4;Frequentemente;4;;Às vezes;3;;Às vezes;3;;Às vezes;3;;Frequentemente;4;;Frequentemente;4;;Raramente;2;;Raramente;2;;Às vezes;3;;Às vezes;3;;Às vezes;3;;Raramente;2;;Frequentemente;4;;Às vezes;3;;Às vezes;3;;Raramente;2;;Às vezes;;3;Às vezes;;3;Às vezes;;3;Às vezes;;3;Frequentemente;;4;Frequentemente;;4;Frequentemente;;4;Frequentemente;;4;Sempre;;5;Às vezes;;3;Às vezes;;3;Frequentemente;;4;Frequentemente;;4;Frequentemente;;4;Às vezes;;3;Frequentemente;;4;Frequentemente;;4;Raramente;;2;Frequentemente;;4;Frequentemente;;4;Moderadamente;;3;Muito;;4;Muito;;4;Extremamente;;5;Muito;;4;Satisfeito;;4;Nem satisfeito nem insatisfeito;;3;Satisfeito;;4;Nem satisfeito nem insatisfeito;;3;Moderadamente;;3;Boa;;3;Moderadamente;;3;Moderadamente;;3;Moderadamente;;3;Às vezes;;3;Raramente;;2;Frequentemente;;4;Às vezes;;3;Raramente;;2;Às vezes;;3;Frequentemente;;4;Às vezes;;3;Raramente;;2;Raramente;;2;Raramente;;2;Raramente;;2
R031;20/05/2026 14:43;20/05/2026 14:53;respondente031@exemplo.com;Respondente 031;242;;20/05/2026 14:54;Auxiliar Administrativo;;;Operações;;;Raramente;2;;Frequentemente;4;;Às vezes;3;;Sempre;5;;Às vezes;3;;Sempre;5;;Frequentemente;;4;Frequentemente;;4;Frequentemente;;4;Raramente;;2;Raramente;;2;Frequentemente;;4;Frequentemente;;4;Frequentemente;;4;Sempre;5;;Frequentemente;4;;Frequentemente;4;;Frequentemente;4;;Às vezes;3;;Frequentemente;4;;Às vezes;3;;Às vezes;3;;Às vezes;3;;Às vezes;3;;Raramente;2;;Às vezes;3;;Raramente;2;;Raramente;2;;Às vezes;3;;Frequentemente;4;;Frequentemente;;4;Sempre;;5;Frequentemente;;4;Raramente;;2;Frequentemente;;4;Sempre;;5;Frequentemente;;4;Frequentemente;;4;Frequentemente;;4;Às vezes;;3;Às vezes;;3;Às vezes;;3;Frequentemente;;4;Às vezes;;3;Raramente;;2;Frequentemente;;4;Às vezes;;3;Frequentemente;;4;Frequentemente;;4;Frequentemente;;4;Moderadamente;;3;Moderadamente;;3;Moderadamente;;3;Muito;;4;Um pouco;;2;Nem satisfeito nem insatisfeito;;3;Nem satisfeito nem insatisfeito;;3;Insatisfeito;;2;Muito insatisfeito;;1;Moderadamente;;3;Boa;;3;Moderadamente;;3;Nada/quase nada;;1;Moderadamente;;3;Nunca/quase nunca;;1;Raramente;;2;Frequentemente;;4;Frequentemente;;4;Às vezes;;3;Frequentemente;;4;Às vezes;;3;Às vezes;;3;Nunca/quase nunca;;1;Nunca/quase nunca;;1;Raramente;;2;Raramente;;2
R032;20/05/2026 15:02;20/05/2026 15:13;respondente032@exemplo.com;Respondente 032;254;;20/05/2026 15:13;Assistente Administrativo;;;Financeiro;;;Frequentemente;4;;Às vezes;3;;Às vezes;3;;Às vezes;3;;Sempre;5;;Sempre;5;;Sempre;;5;Às vezes;;3;Frequentemente;;4;Às vezes;;3;Às vezes;;3;Frequentemente;;4;Frequentemente;;4;Frequentemente;;4;Sempre;5;;Às vezes;3;;Às vezes;3;;Frequentemente;4;;Às vezes;3;;Às vezes;3;;Frequentemente;4;;Às vezes;3;;Sempre;5;;Às vezes;3;;Às vezes;3;;Raramente;2;;Frequentemente;4;;Frequentemente;4;;Às vezes;3;;Frequentemente;4;;Frequentemente;;4;Frequentemente;;4;Frequentemente;;4;Frequentemente;;4;Frequentemente;;4;Às vezes;;3;Raramente;;2;Frequentemente;;4;Frequentemente;;4;Raramente;;2;Às vezes;;3;Às vezes;;3;Frequentemente;;4;Frequentemente;;4;Raramente;;2;Às vezes;;3;Frequentemente;;4;Frequentemente;;4;Sempre;;5;Frequentemente;;4;Moderadamente;;3;Muito;;4;Muito;;4;Moderadamente;;3;Moderadamente;;3;Insatisfeito;;2;Nem satisfeito nem insatisfeito;;3;Nem satisfeito nem insatisfeito;;3;Nem satisfeito nem insatisfeito;;3;Um pouco;;2;Excelente;;5;Muito;;4;Moderadamente;;3;Extremamente;;5;Frequentemente;;4;Frequentemente;;4;Raramente;;2;Às vezes;;3;Frequentemente;;4;Às vezes;;3;Nunca/quase nunca;;1;Nunca/quase nunca;;1;Raramente;;2;Nunca/quase nunca;;1;Nunca/quase nunca;;1;Nunca/quase nunca;;1
R033;20/05/2026 15:17;20/05/2026 15:28;respondente033@exemplo.com;Respondente 033;255;;20/05/2026 15:28;Analista Administrativo;;;Manutenção;;;Raramente;2;;Às vezes;3;;Às vezes;3;;Às vezes;3;;Frequentemente;4;;Frequentemente;4;;Às vezes;;3;Às vezes;;3;Raramente;;2;Raramente;;2;Às vezes;;3;Frequentemente;;4;Às vezes;;3;Raramente;;2;Frequentemente;4;;Raramente;2;;Raramente;2;;Sempre;5;;Sempre;5;;Frequentemente;4;;Às vezes;3;;Sempre;5;;Sempre;5;;Frequentemente;4;;Às vezes;3;;Frequentemente;4;;Às vezes;3;;Sempre;5;;Frequentemente;4;;Raramente;2;;Às vezes;;3;Raramente;;2;Frequentemente;;4;Sempre;;5;Sempre;;5;Às vezes;;3;Às vezes;;3;Às vezes;;3;Às vezes;;3;Às vezes;;3;Às vezes;;3;Às vezes;;3;Sempre;;5;Frequentemente;;4;Às vezes;;3;Frequentemente;;4;Às vezes;;3;Frequentemente;;4;Às vezes;;3;Frequentemente;;4;Extremamente;;5;Muito;;4;Muito;;4;Muito;;4;Muito;;4;Satisfeito;;4;Nem satisfeito nem insatisfeito;;3;Satisfeito;;4;Satisfeito;;4;Muito;;4;Muito boa;;4;Muito;;4;Muito;;4;Muito;;4;Raramente;;2;Às vezes;;3;Raramente;;2;Às vezes;;3;Às vezes;;3;Às vezes;;3;Frequentemente;;4;Frequentemente;;4;Nunca/quase nunca;;1;Nunca/quase nunca;;1;Nunca/quase nunca;;1;Nunca/quase nunca;;1
R034;20/05/2026 15:30;20/05/2026 15:43;respondente034@exemplo.com;Respondente 034;249;;20/05/2026 15:43;Atendente;;;Comercial;;;Às vezes;3;;Raramente;2;;Raramente;2;;Às vezes;3;;Frequentemente;4;;Sempre;5;;Sempre;;5;Às vezes;;3;Às vezes;;3;Às vezes;;3;Frequentemente;;4;Frequentemente;;4;Frequentemente;;4;Frequentemente;;4;Frequentemente;4;;Raramente;2;;Raramente;2;;Sempre;5;;Frequentemente;4;;Sempre;5;;Às vezes;3;;Às vezes;3;;Frequentemente;4;;Frequentemente;4;;Às vezes;3;;Frequentemente;4;;Sempre;5;;Sempre;5;;Sempre;5;;Raramente;2;;Raramente;;2;Às vezes;;3;Sempre;;5;Sempre;;5;Sempre;;5;Raramente;;2;Às vezes;;3;Raramente;;2;Às vezes;;3;Às vezes;;3;Frequentemente;;4;Às vezes;;3;Frequentemente;;4;Sempre;;5;Nunca/quase nunca;;1;Frequentemente;;4;Frequentemente;;4;Frequentemente;;4;Sempre;;5;Às vezes;;3;Moderadamente;;3;Moderadamente;;3;Muito;;4;Moderadamente;;3;Muito;;4;Insatisfeito;;2;Satisfeito;;4;Satisfeito;;4;Nem satisfeito nem insatisfeito;;3;Muito;;4;Excelente;;5;Um pouco;;2;Nada/quase nada;;1;Um pouco;;2;Às vezes;;3;Às vezes;;3;Às vezes;;3;Às vezes;;3;Raramente;;2;Às vezes;;3;Nunca/quase nunca;;1;Nunca/quase nunca;;1;Raramente;;2;Raramente;;2;Nunca/quase nunca;;1;Raramente;;2
R035;20/05/2026 15:37;20/05/2026 15:47;respondente035@exemplo.com;Respondente 035;232;;20/05/2026 15:48;Operador;;;Recursos Humanos;;;Às vezes;3;;Raramente;2;;Às vezes;3;;Frequentemente;4;;Às vezes;3;;Às vezes;3;;Às vezes;;3;Sempre;;5;Às vezes;;3;Frequentemente;;4;Frequentemente;;4;Às vezes;;3;Frequentemente;;4;Frequentemente;;4;Sempre;5;;Raramente;2;;Às vezes;3;;Frequentemente;4;;Às vezes;3;;Às vezes;3;;Frequentemente;4;;Raramente;2;;Às vezes;3;;Às vezes;3;;Raramente;2;;Às vezes;3;;Raramente;2;;Às vezes;3;;Frequentemente;4;;Nunca/quase nunca;1;;Raramente;;2;Nunca/quase nunca;;1;Às vezes;;3;Frequentemente;;4;Às vezes;;3;Às vezes;;3;Raramente;;2;Raramente;;2;Às vezes;;3;Às vezes;;3;Raramente;;2;Frequentemente;;4;Frequentemente;;4;Frequentemente;;4;Raramente;;2;Raramente;;2;Às vezes;;3;Às vezes;;3;Frequentemente;;4;Frequentemente;;4;Muito;;4;Extremamente;;5;Muito;;4;Extremamente;;5;Muito;;4;Satisfeito;;4;Satisfeito;;4;Satisfeito;;4;Satisfeito;;4;Um pouco;;2;Razoável;;2;Moderadamente;;3;Moderadamente;;3;Moderadamente;;3;Frequentemente;;4;Às vezes;;3;Às vezes;;3;Raramente;;2;Raramente;;2;Às vezes;;3;Às vezes;;3;Frequentemente;;4;Nunca/quase nunca;;1;Nunca/quase nunca;;1;Nunca/quase nunca;;1;Nunca/quase nunca;;1
R036;20/05/2026 15:52;20/05/2026 16:00;respondente036@exemplo.com;Respondente 036;220;;20/05/2026 16:02;Técnico;;;Saúde;;;Às vezes;3;;Às vezes;3;;Às vezes;3;;Frequentemente;4;;Às vezes;3;;Raramente;2;;Raramente;;2;Às vezes;;3;Às vezes;;3;Às vezes;;3;Às vezes;;3;Raramente;;2;Frequentemente;;4;Frequentemente;;4;Às vezes;3;;Raramente;2;;Às vezes;3;;Frequentemente;4;;Frequentemente;4;;Frequentemente;4;;Às vezes;3;;Raramente;2;;Raramente;2;;Frequentemente;4;;Frequentemente;4;;Às vezes;3;;Às vezes;3;;Frequentemente;4;;Raramente;2;;Raramente;2;;Às vezes;;3;Às vezes;;3;Frequentemente;;4;Sempre;;5;Frequentemente;;4;Às vezes;;3;Frequentemente;;4;Às vezes;;3;Às vezes;;3;Às vezes;;3;Frequentemente;;4;Às vezes;;3;Às vezes;;3;Raramente;;2;Raramente;;2;Às vezes;;3;Frequentemente;;4;Frequentemente;;4;Às vezes;;3;Frequentemente;;4;Muito;;4;Moderadamente;;3;Muito;;4;Muito;;4;Moderadamente;;3;Nem satisfeito nem insatisfeito;;3;Nem satisfeito nem insatisfeito;;3;Nem satisfeito nem insatisfeito;;3;Nem satisfeito nem insatisfeito;;3;Muito;;4;Boa;;3;Nada/quase nada;;1;Nada/quase nada;;1;Nada/quase nada;;1;Raramente;;2;Raramente;;2;Raramente;;2;Raramente;;2;Às vezes;;3;Nunca/quase nunca;;1;Nunca/quase nunca;;1;Raramente;;2;Raramente;;2;Raramente;;2;Nunca/quase nunca;;1;Raramente;;2
R037;20/05/2026 16:03;20/05/2026 16:15;respondente037@exemplo.com;Respondente 037;223;;20/05/2026 16:17;Coordenador;;;Administrativo;;;Às vezes;3;;Frequentemente;4;;Frequentemente;4;;Frequentemente;4;;Frequentemente;4;;Sempre;5;;Frequentemente;;4;Frequentemente;;4;Às vezes;;3;Raramente;;2;Às vezes;;3;Às vezes;;3;Frequentemente;;4;Frequentemente;;4;Frequentemente;4;;Às vezes;3;;Às vezes;3;;Frequentemente;4;;Frequentemente;4;;Frequentemente;4;;Às vezes;3;;Frequentemente;4;;Às vezes;3;;Às vezes;3;;Às vezes;3;;Às vezes;3;;Raramente;2;;Nunca/quase nunca;1;;Nunca/quase nunca;1;;Raramente;2;;Raramente;;2;Nunca/quase nunca;;1;Às vezes;;3;Às vezes;;3;Frequentemente;;4;Raramente;;2;Nunca/quase nunca;;1;Raramente;;2;Nunca/quase nunca;;1;Às vezes;;3;Às vezes;;3;Às vezes;;3;Frequentemente;;4;Às vezes;;3;Às vezes;;3;Às vezes;;3;Às vezes;;3;Às vezes;;3;Às vezes;;3;Às vezes;;3;Muito;;4;Muito;;4;Moderadamente;;3;Muito;;4;Moderadamente;;3;Insatisfeito;;2;Insatisfeito;;2;Insatisfeito;;2;Muito insatisfeito;;1;Extremamente;;5;Razoável;;2;Moderadamente;;3;Moderadamente;;3;Moderadamente;;3;Raramente;;2;Nunca/quase nunca;;1;Sempre;;5;Sempre;;5;Raramente;;2;Às vezes;;3;Às vezes;;3;Raramente;;2;Raramente;;2;Raramente;;2;Raramente;;2;Raramente;;2
R038;20/05/2026 16:14;20/05/2026 16:26;respondente038@exemplo.com;Respondente 038;233;;20/05/2026 16:28;Professor;;;Atendimento;;;Às vezes;3;;Nunca/quase nunca;1;;Raramente;2;;Às vezes;3;;Frequentemente;4;;Sempre;5;;Frequentemente;;4;Frequentemente;;4;Nunca/quase nunca;;1;Raramente;;2;Nunca/quase nunca;;1;Nunca/quase nunca;;1;Sempre;;5;Frequentemente;;4;Frequentemente;4;;Frequentemente;4;;Raramente;2;;Às vezes;3;;Frequentemente;4;;Frequentemente;4;;Frequentemente;4;;Frequentemente;4;;Sempre;5;;Frequentemente;4;;Às vezes;3;;Frequentemente;4;;Raramente;2;;Raramente;2;;Às vezes;3;;Às vezes;3;;Às vezes;;3;Às vezes;;3;Às vezes;;3;Frequentemente;;4;Às vezes;;3;Sempre;;5;Frequentemente;;4;Frequentemente;;4;Frequentemente;;4;Às vezes;;3;Frequentemente;;4;Frequentemente;;4;Às vezes;;3;Às vezes;;3;Às vezes;;3;Às vezes;;3;Às vezes;;3;Às vezes;;3;Às vezes;;3;Raramente;;2;Muito;;4;Extremamente;;5;Extremamente;;5;Um pouco;;2;Um pouco;;2;Insatisfeito;;2;Insatisfeito;;2;Insatisfeito;;2;Muito insatisfeito;;1;Moderadamente;;3;Muito boa;;4;Moderadamente;;3;Extremamente;;5;Moderadamente;;3;Raramente;;2;Às vezes;;3;Às vezes;;3;Às vezes;;3;Raramente;;2;Raramente;;2;Sempre;;5;Às vezes;;3;Nunca/quase nunca;;1;Nunca/quase nunca;;1;Nunca/quase nunca;;1;Raramente;;2
R039;20/05/2026 16:30;20/05/2026 16:39;respondente039@exemplo.com;Respondente 039;236;;20/05/2026 16:41;Recepcionista;;;Ensino;;;Às vezes;3;;Raramente;2;;Raramente;2;;Raramente;2;;Às vezes;3;;Raramente;2;;Às vezes;;3;Raramente;;2;Nunca/quase nunca;;1;Raramente;;2;Raramente;;2;Nunca/quase nunca;;1;Sempre;;5;Frequentemente;;4;Sempre;5;;Às vezes;3;;Às vezes;3;;Sempre;5;;Sempre;5;;Frequentemente;4;;Frequentemente;4;;Sempre;5;;Frequentemente;4;;Raramente;2;;Às vezes;3;;Raramente;2;;Raramente;2;;Raramente;2;;Às vezes;3;;Frequentemente;4;;Às vezes;;3;Às vezes;;3;Frequentemente;;4;Às vezes;;3;Frequentemente;;4;Frequentemente;;4;Frequentemente;;4;Sempre;;5;Sempre;;5;Às vezes;;3;Às vezes;;3;Às vezes;;3;Frequentemente;;4;Às vezes;;3;Às vezes;;3;Às vezes;;3;Sempre;;5;Às vezes;;3;Sempre;;5;Sempre;;5;Moderadamente;;3;Um pouco;;2;Moderadamente;;3;Moderadamente;;3;Moderadamente;;3;Nem satisfeito nem insatisfeito;;3;Nem satisfeito nem insatisfeito;;3;Satisfeito;;4;Satisfeito;;4;Muito;;4;Excelente;;5;Extremamente;;5;Muito;;4;Moderadamente;;3;Nunca/quase nunca;;1;Nunca/quase nunca;;1;Às vezes;;3;Às vezes;;3;Frequentemente;;4;Às vezes;;3;Nunca/quase nunca;;1;Raramente;;2;Nunca/quase nunca;;1;Nunca/quase nunca;;1;Nunca/quase nunca;;1;Nunca/quase nunca;;1
R040;20/05/2026 16:46;20/05/2026 16:57;respondente040@exemplo.com;Respondente 040;229;;20/05/2026 16:57;Supervisor;;;Tecnologia;;;Às vezes;3;;Às vezes;3;;Às vezes;3;;Às vezes;3;;Frequentemente;4;;Frequentemente;4;;Frequentemente;;4;Às vezes;;3;Nunca/quase nunca;;1;Raramente;;2;Raramente;;2;Raramente;;2;Às vezes;;3;Às vezes;;3;Às vezes;3;;Nunca/quase nunca;1;;Às vezes;3;;Sempre;5;;Raramente;2;;Frequentemente;4;;Sempre;5;;Sempre;5;;Sempre;5;;Raramente;2;;Às vezes;3;;Raramente;2;;Às vezes;3;;Às vezes;3;;Às vezes;3;;Frequentemente;4;;Às vezes;;3;Às vezes;;3;Às vezes;;3;Frequentemente;;4;Frequentemente;;4;Raramente;;2;Às vezes;;3;Raramente;;2;Raramente;;2;Frequentemente;;4;Às vezes;;3;Às vezes;;3;Frequentemente;;4;Às vezes;;3;Raramente;;2;Frequentemente;;4;Sempre;;5;Sempre;;5;Sempre;;5;Sempre;;5;Muito;;4;Muito;;4;Moderadamente;;3;Nada/quase nada;;1;Um pouco;;2;Nem satisfeito nem insatisfeito;;3;Nem satisfeito nem insatisfeito;;3;Satisfeito;;4;Nem satisfeito nem insatisfeito;;3;Um pouco;;2;Razoável;;2;Um pouco;;2;Um pouco;;2;Moderadamente;;3;Às vezes;;3;Frequentemente;;4;Às vezes;;3;Às vezes;;3;Às vezes;;3;Às vezes;;3;Raramente;;2;Raramente;;2;Nunca/quase nunca;;1;Raramente;;2;Nunca/quase nunca;;1;Raramente;;2
R041;20/05/2026 16:58;20/05/2026 17:11;respondente041@exemplo.com;Respondente 041;266;;20/05/2026 17:13;Auxiliar Administrativo;;;Operações;;;Raramente;2;;Às vezes;3;;Nunca/quase nunca;1;;Frequentemente;4;;Às vezes;3;;Frequentemente;4;;Às vezes;;3;Frequentemente;;4;Sempre;;5;Sempre;;5;Sempre;;5;Frequentemente;;4;Sempre;;5;Frequentemente;;4;Às vezes;3;;Frequentemente;4;;Sempre;5;;Sempre;5;;Sempre;5;;Sempre;5;;Sempre;5;;Frequentemente;4;;Frequentemente;4;;Às vezes;3;;Às vezes;3;;Às vezes;3;;Sempre;5;;Às vezes;3;;Frequentemente;4;;Sempre;5;;Frequentemente;;4;Sempre;;5;Frequentemente;;4;Sempre;;5;Frequentemente;;4;Frequentemente;;4;Sempre;;5;Frequentemente;;4;Frequentemente;;4;Raramente;;2;Raramente;;2;Frequentemente;;4;Frequentemente;;4;Frequentemente;;4;Raramente;;2;Frequentemente;;4;Raramente;;2;Raramente;;2;Frequentemente;;4;Às vezes;;3;Muito;;4;Muito;;4;Moderadamente;;3;Muito;;4;Moderadamente;;3;Satisfeito;;4;Nem satisfeito nem insatisfeito;;3;Nem satisfeito nem insatisfeito;;3;Satisfeito;;4;Moderadamente;;3;Boa;;3;Um pouco;;2;Um pouco;;2;Um pouco;;2;Às vezes;;3;Às vezes;;3;Frequentemente;;4;Às vezes;;3;Às vezes;;3;Raramente;;2;Frequentemente;;4;Frequentemente;;4;Raramente;;2;Raramente;;2;Nunca/quase nunca;;1;Nunca/quase nunca;;1
R042;20/05/2026 17:14;20/05/2026 17:26;respondente042@exemplo.com;Respondente 042;240;;20/05/2026 17:28;Assistente Administrativo;;;Financeiro;;;Raramente;2;;Às vezes;3;;Raramente;2;;Às vezes;3;;Frequentemente;4;;Frequentemente;4;;Frequentemente;;4;Sempre;;5;Raramente;;2;Às vezes;;3;Raramente;;2;Raramente;;2;Frequentemente;;4;Às vezes;;3;Frequentemente;4;;Sempre;5;;Às vezes;3;;Sempre;5;;Frequentemente;4;;Sempre;5;;Frequentemente;4;;Frequentemente;4;;Às vezes;3;;Frequentemente;4;;Às vezes;3;;Às vezes;3;;Raramente;2;;Raramente;2;;Nunca/quase nunca;1;;Às vezes;3;;Frequentemente;;4;Frequentemente;;4;Frequentemente;;4;Frequentemente;;4;Frequentemente;;4;Às vezes;;3;Raramente;;2;Às vezes;;3;Às vezes;;3;Frequentemente;;4;Raramente;;2;Às vezes;;3;Frequentemente;;4;Frequentemente;;4;Raramente;;2;Às vezes;;3;Frequentemente;;4;Frequentemente;;4;Frequentemente;;4;Sempre;;5;Moderadamente;;3;Um pouco;;2;Moderadamente;;3;Muito;;4;Extremamente;;5;Nem satisfeito nem insatisfeito;;3;Satisfeito;;4;Satisfeito;;4;Satisfeito;;4;Muito;;4;Muito boa;;4;Um pouco;;2;Um pouco;;2;Um pouco;;2;Às vezes;;3;Frequentemente;;4;Às vezes;;3;Raramente;;2;Às vezes;;3;Às vezes;;3;Nunca/quase nunca;;1;Raramente;;2;Nunca/quase nunca;;1;Raramente;;2;Nunca/quase nunca;;1;Nunca/quase nunca;;1
R043;20/05/2026 17:22;20/05/2026 17:35;respondente043@exemplo.com;Respondente 043;244;;20/05/2026 17:35;Analista Administrativo;;;Manutenção;;;Nunca/quase nunca;1;;Raramente;2;;Nunca/quase nunca;1;;Às vezes;3;;Às vezes;3;;Às vezes;3;;Frequentemente;;4;Frequentemente;;4;Frequentemente;;4;Frequentemente;;4;Frequentemente;;4;Às vezes;;3;Frequentemente;;4;Às vezes;;3;Frequentemente;4;;Frequentemente;4;;Frequentemente;4;;Frequentemente;4;;Frequentemente;4;;Às vezes;3;;Sempre;5;;Sempre;5;;Frequentemente;4;;Raramente;2;;Às vezes;3;;Às vezes;3;;Frequentemente;4;;Às vezes;3;;Frequentemente;4;;Às vezes;3;;Às vezes;;3;Às vezes;;3;Frequentemente;;4;Frequentemente;;4;Frequentemente;;4;Frequentemente;;4;Às vezes;;3;Sempre;;5;Sempre;;5;Às vezes;;3;Às vezes;;3;Frequentemente;;4;Frequentemente;;4;Sempre;;5;Raramente;;2;Frequentemente;;4;Frequentemente;;4;Frequentemente;;4;Sempre;;5;Sempre;;5;Muito;;4;Muito;;4;Muito;;4;Moderadamente;;3;Moderadamente;;3;Nem satisfeito nem insatisfeito;;3;Nem satisfeito nem insatisfeito;;3;Nem satisfeito nem insatisfeito;;3;Nem satisfeito nem insatisfeito;;3;Um pouco;;2;Excelente;;5;Um pouco;;2;Um pouco;;2;Um pouco;;2;Às vezes;;3;Às vezes;;3;Nunca/quase nunca;;1;Raramente;;2;Nunca/quase nunca;;1;Raramente;;2;Raramente;;2;Nunca/quase nunca;;1;Raramente;;2;Nunca/quase nunca;;1;Nunca/quase nunca;;1;Raramente;;2
R044;20/05/2026 17:37;20/05/2026 17:49;respondente044@exemplo.com;Respondente 044;233;;20/05/2026 17:50;Atendente;;;Comercial;;;Nunca/quase nunca;1;;Raramente;2;;Nunca/quase nunca;1;;Frequentemente;4;;Às vezes;3;;Frequentemente;4;;Frequentemente;;4;Frequentemente;;4;Às vezes;;3;Às vezes;;3;Às vezes;;3;Às vezes;;3;Sempre;;5;Sempre;;5;Sempre;5;;Sempre;5;;Sempre;5;;Frequentemente;4;;Frequentemente;4;;Sempre;5;;Às vezes;3;;Frequentemente;4;;Frequentemente;4;;Raramente;2;;Às vezes;3;;Às vezes;3;;Às vezes;3;;Às vezes;3;;Frequentemente;4;;Raramente;2;;Às vezes;;3;Raramente;;2;Às vezes;;3;Frequentemente;;4;Frequentemente;;4;Às vezes;;3;Às vezes;;3;Frequentemente;;4;Raramente;;2;Frequentemente;;4;Raramente;;2;Frequentemente;;4;Frequentemente;;4;Às vezes;;3;Nunca/quase nunca;;1;Frequentemente;;4;Frequentemente;;4;Às vezes;;3;Às vezes;;3;Às vezes;;3;Moderadamente;;3;Muito;;4;Moderadamente;;3;Moderadamente;;3;Muito;;4;Nem satisfeito nem insatisfeito;;3;Satisfeito;;4;Insatisfeito;;2;Insatisfeito;;2;Moderadamente;;3;Muito boa;;4;Muito;;4;Um pouco;;2;Moderadamente;;3;Raramente;;2;Raramente;;2;Às vezes;;3;Às vezes;;3;Raramente;;2;Às vezes;;3;Nunca/quase nunca;;1;Nunca/quase nunca;;1;Raramente;;2;Nunca/quase nunca;;1;Nunca/quase nunca;;1;Nunca/quase nunca;;1
R045;20/05/2026 17:53;20/05/2026 18:07;respondente045@exemplo.com;Respondente 045;253;;20/05/2026 18:09;Operador;;;Recursos Humanos;;;Raramente;2;;Raramente;2;;Raramente;2;;Frequentemente;4;;Às vezes;3;;Frequentemente;4;;Às vezes;;3;Frequentemente;;4;Frequentemente;;4;Às vezes;;3;Às vezes;;3;Às vezes;;3;Frequentemente;;4;Frequentemente;;4;Sempre;5;;Frequentemente;4;;Raramente;2;;Sempre;5;;Sempre;5;;Sempre;5;;Sempre;5;;Frequentemente;4;;Frequentemente;4;;Raramente;2;;Raramente;2;;Raramente;2;;Frequentemente;4;;Frequentemente;4;;Frequentemente;4;;Às vezes;3;;Às vezes;;3;Frequentemente;;4;Frequentemente;;4;Frequentemente;;4;Frequentemente;;4;Raramente;;2;Raramente;;2;Frequentemente;;4;Frequentemente;;4;Às vezes;;3;Às vezes;;3;Às vezes;;3;Frequentemente;;4;Frequentemente;;4;Nunca/quase nunca;;1;Frequentemente;;4;Sempre;;5;Às vezes;;3;Sempre;;5;Sempre;;5;Extremamente;;5;Extremamente;;5;Extremamente;;5;Muito;;4;Extremamente;;5;Nem satisfeito nem insatisfeito;;3;Nem satisfeito nem insatisfeito;;3;Nem satisfeito nem insatisfeito;;3;Satisfeito;;4;Um pouco;;2;Excelente;;5;Moderadamente;;3;Moderadamente;;3;Moderadamente;;3;Raramente;;2;Às vezes;;3;Às vezes;;3;Raramente;;2;Raramente;;2;Às vezes;;3;Raramente;;2;Nunca/quase nunca;;1;Nunca/quase nunca;;1;Raramente;;2;Nunca/quase nunca;;1;Raramente;;2
R046;20/05/2026 18:04;20/05/2026 18:15;respondente046@exemplo.com;Respondente 046;251;;20/05/2026 18:15;Técnico;;;Saúde;;;Nunca/quase nunca;1;;Raramente;2;;Raramente;2;;Às vezes;3;;Sempre;5;;Às vezes;3;;Frequentemente;;4;Raramente;;2;Frequentemente;;4;Raramente;;2;Frequentemente;;4;Às vezes;;3;Raramente;;2;Às vezes;;3;Às vezes;3;;Frequentemente;4;;Frequentemente;4;;Sempre;5;;Sempre;5;;Sempre;5;;Sempre;5;;Frequentemente;4;;Frequentemente;4;;Às vezes;3;;Raramente;2;;Às vezes;3;;Frequentemente;4;;Sempre;5;;Frequentemente;4;;Às vezes;3;;Às vezes;;3;Sempre;;5;Frequentemente;;4;Sempre;;5;Frequentemente;;4;Frequentemente;;4;Frequentemente;;4;Raramente;;2;Raramente;;2;Às vezes;;3;Às vezes;;3;Raramente;;2;Frequentemente;;4;Às vezes;;3;Raramente;;2;Frequentemente;;4;Às vezes;;3;Frequentemente;;4;Sempre;;5;Frequentemente;;4;Extremamente;;5;Extremamente;;5;Extremamente;;5;Moderadamente;;3;Moderadamente;;3;Satisfeito;;4;Muito satisfeito;;5;Muito satisfeito;;5;Satisfeito;;4;Um pouco;;2;Boa;;3;Um pouco;;2;Moderadamente;;3;Moderadamente;;3;Às vezes;;3;Às vezes;;3;Às vezes;;3;Frequentemente;;4;Nunca/quase nunca;;1;Nunca/quase nunca;;1;Às vezes;;3;Frequentemente;;4;Nunca/quase nunca;;1;Nunca/quase nunca;;1;Nunca/quase nunca;;1;Nunca/quase nunca;;1
R047;20/05/2026 18:17;20/05/2026 18:26;respondente047@exemplo.com;Respondente 047;227;;20/05/2026 18:27;Coordenador;;;Administrativo;;;Nunca/quase nunca;1;;Raramente;2;;Raramente;2;;Raramente;2;;Às vezes;3;;Frequentemente;4;;Às vezes;;3;Raramente;;2;Às vezes;;3;Raramente;;2;Raramente;;2;Raramente;;2;Frequentemente;;4;Frequentemente;;4;Frequentemente;4;;Às vezes;3;;Às vezes;3;;Frequentemente;4;;Frequentemente;4;;Frequentemente;4;;Sempre;5;;Sempre;5;;Frequentemente;4;;Às vezes;3;;Às vezes;3;;Às vezes;3;;Frequentemente;4;;Frequentemente;4;;Às vezes;3;;Raramente;2;;Raramente;;2;Às vezes;;3;Às vezes;;3;Sempre;;5;Sempre;;5;Às vezes;;3;Raramente;;2;Raramente;;2;Raramente;;2;Raramente;;2;Nunca/quase nunca;;1;Sempre;;5;Às vezes;;3;Às vezes;;3;Raramente;;2;Frequentemente;;4;Sempre;;5;Sempre;;5;Às vezes;;3;Às vezes;;3;Moderadamente;;3;Moderadamente;;3;Muito;;4;Moderadamente;;3;Moderadamente;;3;Nem satisfeito nem insatisfeito;;3;Nem satisfeito nem insatisfeito;;3;Satisfeito;;4;Insatisfeito;;2;Muito;;4;Deficitária;;1;Moderadamente;;3;Muito;;4;Moderadamente;;3;Raramente;;2;Às vezes;;3;Frequentemente;;4;Raramente;;2;Às vezes;;3;Frequentemente;;4;Nunca/quase nunca;;1;Nunca/quase nunca;;1;Raramente;;2;Nunca/quase nunca;;1;Raramente;;2;Raramente;;2
R048;20/05/2026 18:32;20/05/2026 18:47;respondente048@exemplo.com;Respondente 048;245;;20/05/2026 18:47;Professor;;;Atendimento;;;Nunca/quase nunca;1;;Raramente;2;;Às vezes;3;;Às vezes;3;;Às vezes;3;;Às vezes;3;;Às vezes;;3;Às vezes;;3;Às vezes;;3;Às vezes;;3;Às vezes;;3;Raramente;;2;Frequentemente;;4;Frequentemente;;4;Às vezes;3;;Frequentemente;4;;Frequentemente;4;;Frequentemente;4;;Sempre;5;;Sempre;5;;Sempre;5;;Frequentemente;4;;Às vezes;3;;Às vezes;3;;Frequentemente;4;;Frequentemente;4;;Às vezes;3;;Raramente;2;;Raramente;2;;Às vezes;3;;Às vezes;;3;Às vezes;;3;Frequentemente;;4;Sempre;;5;Frequentemente;;4;Sempre;;5;Frequentemente;;4;Sempre;;5;Frequentemente;;4;Frequentemente;;4;Às vezes;;3;Frequentemente;;4;Frequentemente;;4;Às vezes;;3;Raramente;;2;Às vezes;;3;Às vezes;;3;Frequentemente;;4;Frequentemente;;4;Às vezes;;3;Muito;;4;Muito;;4;Muito;;4;Muito;;4;Muito;;4;Satisfeito;;4;Nem satisfeito nem insatisfeito;;3;Satisfeito;;4;Satisfeito;;4;Moderadamente;;3;Boa;;3;Um pouco;;2;Um pouco;;2;Um pouco;;2;Nunca/quase nunca;;1;Nunca/quase nunca;;1;Às vezes;;3;Frequentemente;;4;Raramente;;2;Raramente;;2;Frequentemente;;4;Frequentemente;;4;Nunca/quase nunca;;1;Raramente;;2;Nunca/quase nunca;;1;Nunca/quase nunca;;1
R049;20/05/2026 18:43;20/05/2026 18:58;respondente049@exemplo.com;Respondente 049;229;;20/05/2026 18:59;Recepcionista;;;Ensino;;;Raramente;2;;Nunca/quase nunca;1;;Raramente;2;;Raramente;2;;Frequentemente;4;;Raramente;2;;Sempre;;5;Às vezes;;3;Nunca/quase nunca;;1;Raramente;;2;Raramente;;2;Raramente;;2;Frequentemente;;4;Sempre;;5;Sempre;5;;Às vezes;3;;Raramente;2;;Frequentemente;4;;Às vezes;3;;Frequentemente;4;;Frequentemente;4;;Frequentemente;4;;Sempre;5;;Às vezes;3;;Às vezes;3;;Frequentemente;4;;Raramente;2;;Às vezes;3;;Às vezes;3;;Às vezes;3;;Raramente;;2;Às vezes;;3;Às vezes;;3;Sempre;;5;Às vezes;;3;Frequentemente;;4;Frequentemente;;4;Frequentemente;;4;Às vezes;;3;Frequentemente;;4;Às vezes;;3;Às vezes;;3;Às vezes;;3;Frequentemente;;4;Raramente;;2;Raramente;;2;Às vezes;;3;Frequentemente;;4;Às vezes;;3;Frequentemente;;4;Muito;;4;Muito;;4;Muito;;4;Extremamente;;5;Muito;;4;Nem satisfeito nem insatisfeito;;3;Satisfeito;;4;Satisfeito;;4;Satisfeito;;4;Um pouco;;2;Muito boa;;4;Um pouco;;2;Nada/quase nada;;1;Um pouco;;2;Raramente;;2;Raramente;;2;Às vezes;;3;Nunca/quase nunca;;1;Às vezes;;3;Às vezes;;3;Raramente;;2;Raramente;;2;Raramente;;2;Nunca/quase nunca;;1;Raramente;;2;Nunca/quase nunca;;1
R050;20/05/2026 18:54;20/05/2026 19:08;respondente050@exemplo.com;Respondente 050;248;;20/05/2026 19:09;Supervisor;;;Tecnologia;;;Raramente;2;;Às vezes;3;;Às vezes;3;;Às vezes;3;;Sempre;5;;Sempre;5;;Sempre;;5;Raramente;;2;Frequentemente;;4;Frequentemente;;4;Frequentemente;;4;Às vezes;;3;Frequentemente;;4;Às vezes;;3;Às vezes;3;;Raramente;2;;Nunca/quase nunca;1;;Sempre;5;;Sempre;5;;Sempre;5;;Frequentemente;4;;Frequentemente;4;;Sempre;5;;Às vezes;3;;Raramente;2;;Raramente;2;;Às vezes;3;;Frequentemente;4;;Frequentemente;4;;Raramente;2;;Raramente;;2;Raramente;;2;Raramente;;2;Às vezes;;3;Às vezes;;3;Frequentemente;;4;Sempre;;5;Frequentemente;;4;Frequentemente;;4;Raramente;;2;Frequentemente;;4;Frequentemente;;4;Frequentemente;;4;Às vezes;;3;Às vezes;;3;Frequentemente;;4;Frequentemente;;4;Frequentemente;;4;Às vezes;;3;Frequentemente;;4;Extremamente;;5;Muito;;4;Extremamente;;5;Moderadamente;;3;Moderadamente;;3;Nem satisfeito nem insatisfeito;;3;Nem satisfeito nem insatisfeito;;3;Insatisfeito;;2;Nem satisfeito nem insatisfeito;;3;Um pouco;;2;Excelente;;5;Muito;;4;Um pouco;;2;Moderadamente;;3;Frequentemente;;4;Frequentemente;;4;Às vezes;;3;Às vezes;;3;Às vezes;;3;Raramente;;2;Às vezes;;3;Raramente;;2;Nunca/quase nunca;;1;Nunca/quase nunca;;1;Nunca/quase nunca;;1;Raramente;;2
